{
  "props": [
    {
      "name": "1",
      "type": "spacing",
      "value": "0.25rem",
      "category": "spacing",
      "meta": {
        "projectId": "h9Dbk9ygddw7UVEq1NNhKi",
        "id": "fhaz6q6bl-fW"
      }
    },
    {
      "name": "10",
      "type": "spacing",
      "value": "2.5rem",
      "category": "spacing",
      "meta": {
        "projectId": "h9Dbk9ygddw7UVEq1NNhKi",
        "id": "QcxRWQfhgyJI"
      }
    },
    {
      "name": "10px",
      "type": "fontsize",
      "value": "16px",
      "category": "fontsize",
      "meta": {
        "projectId": "afXULSfGYmou2jFpEc2QWJ",
        "id": "A5TMwx8qQHfL"
      }
    },
    {
      "name": "2",
      "type": "spacing",
      "value": "0.5rem",
      "category": "spacing",
      "meta": {
        "projectId": "h9Dbk9ygddw7UVEq1NNhKi",
        "id": "_c276Gs_1FIE"
      }
    },
    {
      "name": "3",
      "type": "spacing",
      "value": "0.75rem",
      "category": "spacing",
      "meta": {
        "projectId": "h9Dbk9ygddw7UVEq1NNhKi",
        "id": "vMUQwr5Jto1d"
      }
    },
    {
      "name": "3",
      "type": "spacing",
      "value": "0.75rem",
      "category": "spacing",
      "meta": {
        "projectId": "afXULSfGYmou2jFpEc2QWJ",
        "id": "vKd5iqKCSV_B"
      }
    },
    {
      "name": "4",
      "type": "spacing",
      "value": "1rem",
      "category": "spacing",
      "meta": {
        "projectId": "h9Dbk9ygddw7UVEq1NNhKi",
        "id": "Fv8-L_kN-2Ma"
      }
    },
    {
      "name": "4",
      "type": "spacing",
      "value": "1rem",
      "category": "spacing",
      "meta": {
        "projectId": "afXULSfGYmou2jFpEc2QWJ",
        "id": "Hl5_5JUiW18_"
      }
    },
    {
      "name": "5",
      "type": "spacing",
      "value": "1.25rem",
      "category": "spacing",
      "meta": {
        "projectId": "h9Dbk9ygddw7UVEq1NNhKi",
        "id": "W6cMLA0AZVBO"
      }
    },
    {
      "name": "6",
      "type": "spacing",
      "value": "1.5rem",
      "category": "spacing",
      "meta": {
        "projectId": "h9Dbk9ygddw7UVEq1NNhKi",
        "id": "UIMkdd_bvvx_"
      }
    },
    {
      "name": "7",
      "type": "spacing",
      "value": "1.75rem",
      "category": "spacing",
      "meta": {
        "projectId": "h9Dbk9ygddw7UVEq1NNhKi",
        "id": "m74yTzJEHMEw"
      }
    },
    {
      "name": "8",
      "type": "spacing",
      "value": "2rem",
      "category": "spacing",
      "meta": {
        "projectId": "h9Dbk9ygddw7UVEq1NNhKi",
        "id": "BCWljTOyDNmw"
      }
    },
    {
      "name": "8px",
      "type": "fontsize",
      "value": "12px",
      "category": "fontsize",
      "meta": {
        "projectId": "afXULSfGYmou2jFpEc2QWJ",
        "id": "8bH1BcrDPs2U"
      }
    },
    {
      "name": "9",
      "type": "spacing",
      "value": "2.25rem",
      "category": "spacing",
      "meta": {
        "projectId": "h9Dbk9ygddw7UVEq1NNhKi",
        "id": "TDHofVgu3_mN"
      }
    },
    {
      "name": "System: Bg Container",
      "type": "color",
      "value": "var(--antd-colorBgContainer)",
      "category": "color",
      "meta": {
        "projectId": "jkU633o1Cz7HrJdwdxhVHk",
        "id": "41VRhDKfihhY"
      }
    },
    {
      "name": "System: Bg Container",
      "type": "color",
      "value": "var(--antd-colorBgContainer)",
      "category": "color",
      "meta": {
        "projectId": "ohDidvG9XsCeFumugENU3J",
        "id": "jgohepLVeKvh"
      }
    },
    {
      "name": "System: Bg Elevated",
      "type": "color",
      "value": "var(--antd-colorBgElevated)",
      "category": "color",
      "meta": {
        "projectId": "jkU633o1Cz7HrJdwdxhVHk",
        "id": "GGYj13plNx6v"
      }
    },
    {
      "name": "System: Bg Elevated",
      "type": "color",
      "value": "var(--antd-colorBgElevated)",
      "category": "color",
      "meta": {
        "projectId": "ohDidvG9XsCeFumugENU3J",
        "id": "zy6xhYnWF8Y7"
      }
    },
    {
      "name": "System: Bg Layout",
      "type": "color",
      "value": "var(--antd-colorBgLayout)",
      "category": "color",
      "meta": {
        "projectId": "jkU633o1Cz7HrJdwdxhVHk",
        "id": "as44I7WwR-rZ"
      }
    },
    {
      "name": "System: Bg Layout",
      "type": "color",
      "value": "var(--antd-colorBgLayout)",
      "category": "color",
      "meta": {
        "projectId": "ohDidvG9XsCeFumugENU3J",
        "id": "DbGdjBpQ6R_X"
      }
    },
    {
      "name": "System: Bg Mask",
      "type": "color",
      "value": "var(--antd-colorBgMask)",
      "category": "color",
      "meta": {
        "projectId": "jkU633o1Cz7HrJdwdxhVHk",
        "id": "2aHIw8xI62Xi"
      }
    },
    {
      "name": "System: Bg Mask",
      "type": "color",
      "value": "var(--antd-colorBgMask)",
      "category": "color",
      "meta": {
        "projectId": "ohDidvG9XsCeFumugENU3J",
        "id": "Le07ngBUPl2h"
      }
    },
    {
      "name": "System: Bg Spotlight",
      "type": "color",
      "value": "var(--antd-colorBgSpotlight)",
      "category": "color",
      "meta": {
        "projectId": "jkU633o1Cz7HrJdwdxhVHk",
        "id": "WxvvgatuPYoJ"
      }
    },
    {
      "name": "System: Bg Spotlight",
      "type": "color",
      "value": "var(--antd-colorBgSpotlight)",
      "category": "color",
      "meta": {
        "projectId": "ohDidvG9XsCeFumugENU3J",
        "id": "RvPI6LyeIPmd"
      }
    },
    {
      "name": "System: Border",
      "type": "color",
      "value": "var(--antd-colorBorder)",
      "category": "color",
      "meta": {
        "projectId": "jkU633o1Cz7HrJdwdxhVHk",
        "id": "pyhDq7s0RTkz"
      }
    },
    {
      "name": "System: Border",
      "type": "color",
      "value": "var(--antd-colorBorder)",
      "category": "color",
      "meta": {
        "projectId": "ohDidvG9XsCeFumugENU3J",
        "id": "Pxe4wDL2kJpb"
      }
    },
    {
      "name": "System: Border Secondary",
      "type": "color",
      "value": "var(--antd-colorBorderSecondary)",
      "category": "color",
      "meta": {
        "projectId": "jkU633o1Cz7HrJdwdxhVHk",
        "id": "Xzi5OT07e2_1"
      }
    },
    {
      "name": "System: Border Secondary",
      "type": "color",
      "value": "var(--antd-colorBorderSecondary)",
      "category": "color",
      "meta": {
        "projectId": "ohDidvG9XsCeFumugENU3J",
        "id": "LN1YkB123lXQ"
      }
    },
    {
      "name": "System: Error",
      "type": "color",
      "value": "var(--antd-colorError)",
      "category": "color",
      "meta": {
        "projectId": "jkU633o1Cz7HrJdwdxhVHk",
        "id": "fDNuFs9Skt3p"
      }
    },
    {
      "name": "System: Error",
      "type": "color",
      "value": "var(--antd-colorError)",
      "category": "color",
      "meta": {
        "projectId": "ohDidvG9XsCeFumugENU3J",
        "id": "-ypw6enySR1T"
      }
    },
    {
      "name": "System: Error Active",
      "type": "color",
      "value": "var(--antd-colorErrorActive)",
      "category": "color",
      "meta": {
        "projectId": "jkU633o1Cz7HrJdwdxhVHk",
        "id": "j-ZwOKbpUCqd"
      }
    },
    {
      "name": "System: Error Active",
      "type": "color",
      "value": "var(--antd-colorErrorActive)",
      "category": "color",
      "meta": {
        "projectId": "ohDidvG9XsCeFumugENU3J",
        "id": "Bo2_tT25lwh4"
      }
    },
    {
      "name": "System: Error Bg",
      "type": "color",
      "value": "var(--antd-colorErrorBg)",
      "category": "color",
      "meta": {
        "projectId": "jkU633o1Cz7HrJdwdxhVHk",
        "id": "4ccrUZ-M3zhx"
      }
    },
    {
      "name": "System: Error Bg",
      "type": "color",
      "value": "var(--antd-colorErrorBg)",
      "category": "color",
      "meta": {
        "projectId": "ohDidvG9XsCeFumugENU3J",
        "id": "y67qtjHCZN4U"
      }
    },
    {
      "name": "System: Error Bg Hover",
      "type": "color",
      "value": "var(--antd-colorErrorBgHover)",
      "category": "color",
      "meta": {
        "projectId": "jkU633o1Cz7HrJdwdxhVHk",
        "id": "p9OxE4l9Com5"
      }
    },
    {
      "name": "System: Error Bg Hover",
      "type": "color",
      "value": "var(--antd-colorErrorBgHover)",
      "category": "color",
      "meta": {
        "projectId": "ohDidvG9XsCeFumugENU3J",
        "id": "0MrDlDLqtJFU"
      }
    },
    {
      "name": "System: Error Border",
      "type": "color",
      "value": "var(--antd-colorErrorBorder)",
      "category": "color",
      "meta": {
        "projectId": "jkU633o1Cz7HrJdwdxhVHk",
        "id": "P02GAf-HlHok"
      }
    },
    {
      "name": "System: Error Border",
      "type": "color",
      "value": "var(--antd-colorErrorBorder)",
      "category": "color",
      "meta": {
        "projectId": "ohDidvG9XsCeFumugENU3J",
        "id": "a78v3Ul_J4it"
      }
    },
    {
      "name": "System: Error Border Hover",
      "type": "color",
      "value": "var(--antd-colorErrorBorderHover)",
      "category": "color",
      "meta": {
        "projectId": "jkU633o1Cz7HrJdwdxhVHk",
        "id": "0gAjYifG8xWY"
      }
    },
    {
      "name": "System: Error Border Hover",
      "type": "color",
      "value": "var(--antd-colorErrorBorderHover)",
      "category": "color",
      "meta": {
        "projectId": "ohDidvG9XsCeFumugENU3J",
        "id": "IbRLKagyRkT2"
      }
    },
    {
      "name": "System: Error Hover",
      "type": "color",
      "value": "var(--antd-colorErrorHover)",
      "category": "color",
      "meta": {
        "projectId": "jkU633o1Cz7HrJdwdxhVHk",
        "id": "_u6T-ctQmwmL"
      }
    },
    {
      "name": "System: Error Hover",
      "type": "color",
      "value": "var(--antd-colorErrorHover)",
      "category": "color",
      "meta": {
        "projectId": "ohDidvG9XsCeFumugENU3J",
        "id": "COF46JTyVgAT"
      }
    },
    {
      "name": "System: Error Text",
      "type": "color",
      "value": "var(--antd-colorErrorText)",
      "category": "color",
      "meta": {
        "projectId": "jkU633o1Cz7HrJdwdxhVHk",
        "id": "ddpevpfGL4QK"
      }
    },
    {
      "name": "System: Error Text",
      "type": "color",
      "value": "var(--antd-colorErrorText)",
      "category": "color",
      "meta": {
        "projectId": "ohDidvG9XsCeFumugENU3J",
        "id": "ZDcvRU4gUKFH"
      }
    },
    {
      "name": "System: Error Text Active",
      "type": "color",
      "value": "var(--antd-colorErrorTextActive)",
      "category": "color",
      "meta": {
        "projectId": "jkU633o1Cz7HrJdwdxhVHk",
        "id": "HxnmpURJ0E1r"
      }
    },
    {
      "name": "System: Error Text Active",
      "type": "color",
      "value": "var(--antd-colorErrorTextActive)",
      "category": "color",
      "meta": {
        "projectId": "ohDidvG9XsCeFumugENU3J",
        "id": "8dHZNKgzL8aW"
      }
    },
    {
      "name": "System: Error Text Hover",
      "type": "color",
      "value": "var(--antd-colorErrorTextHover)",
      "category": "color",
      "meta": {
        "projectId": "jkU633o1Cz7HrJdwdxhVHk",
        "id": "V6MqwrLdbww7"
      }
    },
    {
      "name": "System: Error Text Hover",
      "type": "color",
      "value": "var(--antd-colorErrorTextHover)",
      "category": "color",
      "meta": {
        "projectId": "ohDidvG9XsCeFumugENU3J",
        "id": "nd9tWjNBRhuz"
      }
    },
    {
      "name": "System: Fill",
      "type": "color",
      "value": "var(--antd-colorFill)",
      "category": "color",
      "meta": {
        "projectId": "jkU633o1Cz7HrJdwdxhVHk",
        "id": "iSm9mh5cC952"
      }
    },
    {
      "name": "System: Fill",
      "type": "color",
      "value": "var(--antd-colorFill)",
      "category": "color",
      "meta": {
        "projectId": "ohDidvG9XsCeFumugENU3J",
        "id": "MjYUWCcX38Uk"
      }
    },
    {
      "name": "System: Fill Quaternary",
      "type": "color",
      "value": "var(--antd-colorFillQuaternary)",
      "category": "color",
      "meta": {
        "projectId": "jkU633o1Cz7HrJdwdxhVHk",
        "id": "MeZ_ciy2nAhO"
      }
    },
    {
      "name": "System: Fill Quaternary",
      "type": "color",
      "value": "var(--antd-colorFillQuaternary)",
      "category": "color",
      "meta": {
        "projectId": "ohDidvG9XsCeFumugENU3J",
        "id": "5flkhAz6pTxg"
      }
    },
    {
      "name": "System: Fill Secondary",
      "type": "color",
      "value": "var(--antd-colorFillSecondary)",
      "category": "color",
      "meta": {
        "projectId": "jkU633o1Cz7HrJdwdxhVHk",
        "id": "pLZthFInDOSZ"
      }
    },
    {
      "name": "System: Fill Secondary",
      "type": "color",
      "value": "var(--antd-colorFillSecondary)",
      "category": "color",
      "meta": {
        "projectId": "ohDidvG9XsCeFumugENU3J",
        "id": "cjVB4i6JVY6v"
      }
    },
    {
      "name": "System: Fill Tertiary",
      "type": "color",
      "value": "var(--antd-colorFillTertiary)",
      "category": "color",
      "meta": {
        "projectId": "jkU633o1Cz7HrJdwdxhVHk",
        "id": "PFNQE33ELh3b"
      }
    },
    {
      "name": "System: Fill Tertiary",
      "type": "color",
      "value": "var(--antd-colorFillTertiary)",
      "category": "color",
      "meta": {
        "projectId": "ohDidvG9XsCeFumugENU3J",
        "id": "9ZrR1Kut5qQh"
      }
    },
    {
      "name": "System: Heading1",
      "type": "fontsize",
      "value": "var(--antd-fontSizeHeading1)",
      "category": "fontsize",
      "meta": {
        "projectId": "jkU633o1Cz7HrJdwdxhVHk",
        "id": "IvcMj9ZyTMo8"
      }
    },
    {
      "name": "System: Heading1",
      "type": "lineheight",
      "value": "var(--antd-lineHeightHeading1)",
      "category": "lineheight",
      "meta": {
        "projectId": "jkU633o1Cz7HrJdwdxhVHk",
        "id": "xwvpf2CK6_-R"
      }
    },
    {
      "name": "System: Heading1",
      "type": "fontsize",
      "value": "var(--antd-fontSizeHeading1)",
      "category": "fontsize",
      "meta": {
        "projectId": "ohDidvG9XsCeFumugENU3J",
        "id": "EBGyLHrpfttb"
      }
    },
    {
      "name": "System: Heading1",
      "type": "lineheight",
      "value": "var(--antd-lineHeightHeading1)",
      "category": "lineheight",
      "meta": {
        "projectId": "ohDidvG9XsCeFumugENU3J",
        "id": "sYDi1zi84t3y"
      }
    },
    {
      "name": "System: Heading2",
      "type": "fontsize",
      "value": "var(--antd-fontSizeHeading2)",
      "category": "fontsize",
      "meta": {
        "projectId": "jkU633o1Cz7HrJdwdxhVHk",
        "id": "KlrAoGIT1za7"
      }
    },
    {
      "name": "System: Heading2",
      "type": "lineheight",
      "value": "var(--antd-lineHeightHeading2)",
      "category": "lineheight",
      "meta": {
        "projectId": "jkU633o1Cz7HrJdwdxhVHk",
        "id": "bJEU6Bg7WMDd"
      }
    },
    {
      "name": "System: Heading2",
      "type": "fontsize",
      "value": "var(--antd-fontSizeHeading2)",
      "category": "fontsize",
      "meta": {
        "projectId": "ohDidvG9XsCeFumugENU3J",
        "id": "bucIARGmMoc6"
      }
    },
    {
      "name": "System: Heading2",
      "type": "lineheight",
      "value": "var(--antd-lineHeightHeading2)",
      "category": "lineheight",
      "meta": {
        "projectId": "ohDidvG9XsCeFumugENU3J",
        "id": "OclCNN0pXGGm"
      }
    },
    {
      "name": "System: Heading3",
      "type": "fontsize",
      "value": "var(--antd-fontSizeHeading3)",
      "category": "fontsize",
      "meta": {
        "projectId": "jkU633o1Cz7HrJdwdxhVHk",
        "id": "16_cC9w3e0Nk"
      }
    },
    {
      "name": "System: Heading3",
      "type": "lineheight",
      "value": "var(--antd-lineHeightHeading3)",
      "category": "lineheight",
      "meta": {
        "projectId": "jkU633o1Cz7HrJdwdxhVHk",
        "id": "9aYtHZjcigNn"
      }
    },
    {
      "name": "System: Heading3",
      "type": "fontsize",
      "value": "var(--antd-fontSizeHeading3)",
      "category": "fontsize",
      "meta": {
        "projectId": "ohDidvG9XsCeFumugENU3J",
        "id": "UXPBeNJ4rrVx"
      }
    },
    {
      "name": "System: Heading3",
      "type": "lineheight",
      "value": "var(--antd-lineHeightHeading3)",
      "category": "lineheight",
      "meta": {
        "projectId": "ohDidvG9XsCeFumugENU3J",
        "id": "yxIE6w4M2bri"
      }
    },
    {
      "name": "System: Heading4",
      "type": "fontsize",
      "value": "var(--antd-fontSizeHeading4)",
      "category": "fontsize",
      "meta": {
        "projectId": "jkU633o1Cz7HrJdwdxhVHk",
        "id": "hCgNygAysIbb"
      }
    },
    {
      "name": "System: Heading4",
      "type": "lineheight",
      "value": "var(--antd-lineHeightHeading4)",
      "category": "lineheight",
      "meta": {
        "projectId": "jkU633o1Cz7HrJdwdxhVHk",
        "id": "5UxZgePJMjDS"
      }
    },
    {
      "name": "System: Heading4",
      "type": "fontsize",
      "value": "var(--antd-fontSizeHeading4)",
      "category": "fontsize",
      "meta": {
        "projectId": "ohDidvG9XsCeFumugENU3J",
        "id": "B10hUni6jzpI"
      }
    },
    {
      "name": "System: Heading4",
      "type": "lineheight",
      "value": "var(--antd-lineHeightHeading4)",
      "category": "lineheight",
      "meta": {
        "projectId": "ohDidvG9XsCeFumugENU3J",
        "id": "OdRcIpB2LnUT"
      }
    },
    {
      "name": "System: Heading5",
      "type": "fontsize",
      "value": "var(--antd-fontSizeHeading5)",
      "category": "fontsize",
      "meta": {
        "projectId": "jkU633o1Cz7HrJdwdxhVHk",
        "id": "70Yb0tqelyc1"
      }
    },
    {
      "name": "System: Heading5",
      "type": "lineheight",
      "value": "var(--antd-lineHeightHeading5)",
      "category": "lineheight",
      "meta": {
        "projectId": "jkU633o1Cz7HrJdwdxhVHk",
        "id": "NIHokAJdLa88"
      }
    },
    {
      "name": "System: Heading5",
      "type": "fontsize",
      "value": "var(--antd-fontSizeHeading5)",
      "category": "fontsize",
      "meta": {
        "projectId": "ohDidvG9XsCeFumugENU3J",
        "id": "BlA-iDkaAWvO"
      }
    },
    {
      "name": "System: Heading5",
      "type": "lineheight",
      "value": "var(--antd-lineHeightHeading5)",
      "category": "lineheight",
      "meta": {
        "projectId": "ohDidvG9XsCeFumugENU3J",
        "id": "FixeSDxCoolc"
      }
    },
    {
      "name": "System: Icon",
      "type": "color",
      "value": "var(--antd-colorIcon)",
      "category": "color",
      "meta": {
        "projectId": "jkU633o1Cz7HrJdwdxhVHk",
        "id": "TpmbTrq5hCAj"
      }
    },
    {
      "name": "System: Icon",
      "type": "color",
      "value": "var(--antd-colorIcon)",
      "category": "color",
      "meta": {
        "projectId": "ohDidvG9XsCeFumugENU3J",
        "id": "y50Rafqey4Ec"
      }
    },
    {
      "name": "System: Icon Hover",
      "type": "color",
      "value": "var(--antd-colorIconHover)",
      "category": "color",
      "meta": {
        "projectId": "jkU633o1Cz7HrJdwdxhVHk",
        "id": "hb610yGAurc2"
      }
    },
    {
      "name": "System: Icon Hover",
      "type": "color",
      "value": "var(--antd-colorIconHover)",
      "category": "color",
      "meta": {
        "projectId": "ohDidvG9XsCeFumugENU3J",
        "id": "0jflij2Drauk"
      }
    },
    {
      "name": "System: Info",
      "type": "color",
      "value": "var(--antd-colorInfo)",
      "category": "color",
      "meta": {
        "projectId": "jkU633o1Cz7HrJdwdxhVHk",
        "id": "CtWQF2P39aLo"
      }
    },
    {
      "name": "System: Info",
      "type": "color",
      "value": "var(--antd-colorInfo)",
      "category": "color",
      "meta": {
        "projectId": "ohDidvG9XsCeFumugENU3J",
        "id": "GEppKCdlxgWK"
      }
    },
    {
      "name": "System: Info Active",
      "type": "color",
      "value": "var(--antd-colorInfoActive)",
      "category": "color",
      "meta": {
        "projectId": "jkU633o1Cz7HrJdwdxhVHk",
        "id": "2xPkbw4aFzX2"
      }
    },
    {
      "name": "System: Info Active",
      "type": "color",
      "value": "var(--antd-colorInfoActive)",
      "category": "color",
      "meta": {
        "projectId": "ohDidvG9XsCeFumugENU3J",
        "id": "sD0iOLam3c1_"
      }
    },
    {
      "name": "System: Info Bg",
      "type": "color",
      "value": "var(--antd-colorInfoBg)",
      "category": "color",
      "meta": {
        "projectId": "jkU633o1Cz7HrJdwdxhVHk",
        "id": "oDTVzkxdJ872"
      }
    },
    {
      "name": "System: Info Bg",
      "type": "color",
      "value": "var(--antd-colorInfoBg)",
      "category": "color",
      "meta": {
        "projectId": "ohDidvG9XsCeFumugENU3J",
        "id": "pi_amP1jS-3_"
      }
    },
    {
      "name": "System: Info Bg Hover",
      "type": "color",
      "value": "var(--antd-colorInfoBgHover)",
      "category": "color",
      "meta": {
        "projectId": "jkU633o1Cz7HrJdwdxhVHk",
        "id": "g_VDjIuHq0U5"
      }
    },
    {
      "name": "System: Info Bg Hover",
      "type": "color",
      "value": "var(--antd-colorInfoBgHover)",
      "category": "color",
      "meta": {
        "projectId": "ohDidvG9XsCeFumugENU3J",
        "id": "AkJsX7eWcpyM"
      }
    },
    {
      "name": "System: Info Border",
      "type": "color",
      "value": "var(--antd-colorInfoBorder)",
      "category": "color",
      "meta": {
        "projectId": "jkU633o1Cz7HrJdwdxhVHk",
        "id": "mQuOloHwx25-"
      }
    },
    {
      "name": "System: Info Border",
      "type": "color",
      "value": "var(--antd-colorInfoBorder)",
      "category": "color",
      "meta": {
        "projectId": "ohDidvG9XsCeFumugENU3J",
        "id": "q9Q0revQu5u0"
      }
    },
    {
      "name": "System: Info Border Hover",
      "type": "color",
      "value": "var(--antd-colorInfoBorderHover)",
      "category": "color",
      "meta": {
        "projectId": "jkU633o1Cz7HrJdwdxhVHk",
        "id": "ytBWtTwx11rx"
      }
    },
    {
      "name": "System: Info Border Hover",
      "type": "color",
      "value": "var(--antd-colorInfoBorderHover)",
      "category": "color",
      "meta": {
        "projectId": "ohDidvG9XsCeFumugENU3J",
        "id": "Ynjs6ut2v3nV"
      }
    },
    {
      "name": "System: Info Hover",
      "type": "color",
      "value": "var(--antd-colorInfoHover)",
      "category": "color",
      "meta": {
        "projectId": "jkU633o1Cz7HrJdwdxhVHk",
        "id": "ReYtjy5W-zM7"
      }
    },
    {
      "name": "System: Info Hover",
      "type": "color",
      "value": "var(--antd-colorInfoHover)",
      "category": "color",
      "meta": {
        "projectId": "ohDidvG9XsCeFumugENU3J",
        "id": "Z9jDmLfGJ4ec"
      }
    },
    {
      "name": "System: Info Text",
      "type": "color",
      "value": "var(--antd-colorInfoText)",
      "category": "color",
      "meta": {
        "projectId": "jkU633o1Cz7HrJdwdxhVHk",
        "id": "uKRz3ov0rqIf"
      }
    },
    {
      "name": "System: Info Text",
      "type": "color",
      "value": "var(--antd-colorInfoText)",
      "category": "color",
      "meta": {
        "projectId": "ohDidvG9XsCeFumugENU3J",
        "id": "_T1cyz1fvJ5i"
      }
    },
    {
      "name": "System: Info Text Active",
      "type": "color",
      "value": "var(--antd-colorInfoTextActive)",
      "category": "color",
      "meta": {
        "projectId": "jkU633o1Cz7HrJdwdxhVHk",
        "id": "ADrp2mfNmuLA"
      }
    },
    {
      "name": "System: Info Text Active",
      "type": "color",
      "value": "var(--antd-colorInfoTextActive)",
      "category": "color",
      "meta": {
        "projectId": "ohDidvG9XsCeFumugENU3J",
        "id": "VY6DggwR9lvs"
      }
    },
    {
      "name": "System: Info Text Hover",
      "type": "color",
      "value": "var(--antd-colorInfoTextHover)",
      "category": "color",
      "meta": {
        "projectId": "jkU633o1Cz7HrJdwdxhVHk",
        "id": "bywOirYXcruc"
      }
    },
    {
      "name": "System: Info Text Hover",
      "type": "color",
      "value": "var(--antd-colorInfoTextHover)",
      "category": "color",
      "meta": {
        "projectId": "ohDidvG9XsCeFumugENU3J",
        "id": "Z5g3UaQUYJKs"
      }
    },
    {
      "name": "System: LG",
      "type": "fontsize",
      "value": "var(--antd-fontSizeLG)",
      "category": "fontsize",
      "meta": {
        "projectId": "jkU633o1Cz7HrJdwdxhVHk",
        "id": "LGg-zkf2M2GB"
      }
    },
    {
      "name": "System: LG",
      "type": "lineheight",
      "value": "var(--antd-lineHeightLG)",
      "category": "lineheight",
      "meta": {
        "projectId": "jkU633o1Cz7HrJdwdxhVHk",
        "id": "jb8CFgMUZa8u"
      }
    },
    {
      "name": "System: LG",
      "type": "fontsize",
      "value": "var(--antd-fontSizeLG)",
      "category": "fontsize",
      "meta": {
        "projectId": "ohDidvG9XsCeFumugENU3J",
        "id": "hYndcje43OGL"
      }
    },
    {
      "name": "System: LG",
      "type": "lineheight",
      "value": "var(--antd-lineHeightLG)",
      "category": "lineheight",
      "meta": {
        "projectId": "ohDidvG9XsCeFumugENU3J",
        "id": "fklKQN0M3LP2"
      }
    },
    {
      "name": "System: Link",
      "type": "color",
      "value": "var(--antd-colorLink)",
      "category": "color",
      "meta": {
        "projectId": "jkU633o1Cz7HrJdwdxhVHk",
        "id": "lLkc5xWMZR34"
      }
    },
    {
      "name": "System: Link",
      "type": "color",
      "value": "var(--antd-colorLink)",
      "category": "color",
      "meta": {
        "projectId": "ohDidvG9XsCeFumugENU3J",
        "id": "p9GbVc-07pR7"
      }
    },
    {
      "name": "System: Link Hover",
      "type": "color",
      "value": "var(--antd-colorLinkHover)",
      "category": "color",
      "meta": {
        "projectId": "jkU633o1Cz7HrJdwdxhVHk",
        "id": "wSnKEwu5y_PF"
      }
    },
    {
      "name": "System: Link Hover",
      "type": "color",
      "value": "var(--antd-colorLinkHover)",
      "category": "color",
      "meta": {
        "projectId": "ohDidvG9XsCeFumugENU3J",
        "id": "CmNnmfJ0iNRo"
      }
    },
    {
      "name": "System: M",
      "type": "fontsize",
      "value": "var(--antd-fontSize)",
      "category": "fontsize",
      "meta": {
        "projectId": "jkU633o1Cz7HrJdwdxhVHk",
        "id": "fwZvoB_ZCfwn"
      }
    },
    {
      "name": "System: M",
      "type": "lineheight",
      "value": "var(--antd-lineHeight)",
      "category": "lineheight",
      "meta": {
        "projectId": "jkU633o1Cz7HrJdwdxhVHk",
        "id": "snVsVaM8n5_4"
      }
    },
    {
      "name": "System: M",
      "type": "fontsize",
      "value": "var(--antd-fontSize)",
      "category": "fontsize",
      "meta": {
        "projectId": "ohDidvG9XsCeFumugENU3J",
        "id": "7z5Kw5B89TZR"
      }
    },
    {
      "name": "System: M",
      "type": "lineheight",
      "value": "var(--antd-lineHeight)",
      "category": "lineheight",
      "meta": {
        "projectId": "ohDidvG9XsCeFumugENU3J",
        "id": "_K7eyous79ni"
      }
    },
    {
      "name": "System: Margin LG",
      "type": "spacing",
      "value": "var(--antd-marginLG)",
      "category": "spacing",
      "meta": {
        "projectId": "jkU633o1Cz7HrJdwdxhVHk",
        "id": "sPi98nT-JyUw"
      }
    },
    {
      "name": "System: Margin LG",
      "type": "spacing",
      "value": "var(--antd-marginLG)",
      "category": "spacing",
      "meta": {
        "projectId": "ohDidvG9XsCeFumugENU3J",
        "id": "eRNxHqcEHlFY"
      }
    },
    {
      "name": "System: Margin M",
      "type": "spacing",
      "value": "var(--antd-margin)",
      "category": "spacing",
      "meta": {
        "projectId": "jkU633o1Cz7HrJdwdxhVHk",
        "id": "rX_8jNE36opk"
      }
    },
    {
      "name": "System: Margin M",
      "type": "spacing",
      "value": "var(--antd-margin)",
      "category": "spacing",
      "meta": {
        "projectId": "ohDidvG9XsCeFumugENU3J",
        "id": "_m46Z7TakRfI"
      }
    },
    {
      "name": "System: Margin MD",
      "type": "spacing",
      "value": "var(--antd-marginMD)",
      "category": "spacing",
      "meta": {
        "projectId": "jkU633o1Cz7HrJdwdxhVHk",
        "id": "Gtd-oD4SfydH"
      }
    },
    {
      "name": "System: Margin MD",
      "type": "spacing",
      "value": "var(--antd-marginMD)",
      "category": "spacing",
      "meta": {
        "projectId": "ohDidvG9XsCeFumugENU3J",
        "id": "4njgnJV5KOkS"
      }
    },
    {
      "name": "System: Margin SM",
      "type": "spacing",
      "value": "var(--antd-marginSM)",
      "category": "spacing",
      "meta": {
        "projectId": "jkU633o1Cz7HrJdwdxhVHk",
        "id": "5qBYYrKVDrlB"
      }
    },
    {
      "name": "System: Margin SM",
      "type": "spacing",
      "value": "var(--antd-marginSM)",
      "category": "spacing",
      "meta": {
        "projectId": "ohDidvG9XsCeFumugENU3J",
        "id": "2ZPCvclvmwq9"
      }
    },
    {
      "name": "System: Margin XL",
      "type": "spacing",
      "value": "var(--antd-marginXL)",
      "category": "spacing",
      "meta": {
        "projectId": "jkU633o1Cz7HrJdwdxhVHk",
        "id": "PUpYMghDbUAb"
      }
    },
    {
      "name": "System: Margin XL",
      "type": "spacing",
      "value": "var(--antd-marginXL)",
      "category": "spacing",
      "meta": {
        "projectId": "ohDidvG9XsCeFumugENU3J",
        "id": "_8m4SPxiIjg9"
      }
    },
    {
      "name": "System: Margin XS",
      "type": "spacing",
      "value": "var(--antd-marginXS)",
      "category": "spacing",
      "meta": {
        "projectId": "jkU633o1Cz7HrJdwdxhVHk",
        "id": "dT2WOkFV5Mee"
      }
    },
    {
      "name": "System: Margin XS",
      "type": "spacing",
      "value": "var(--antd-marginXS)",
      "category": "spacing",
      "meta": {
        "projectId": "ohDidvG9XsCeFumugENU3J",
        "id": "9EfSOc8y7ano"
      }
    },
    {
      "name": "System: Margin XXL",
      "type": "spacing",
      "value": "var(--antd-marginXXL)",
      "category": "spacing",
      "meta": {
        "projectId": "jkU633o1Cz7HrJdwdxhVHk",
        "id": "3li6WPFiJWAX"
      }
    },
    {
      "name": "System: Margin XXL",
      "type": "spacing",
      "value": "var(--antd-marginXXL)",
      "category": "spacing",
      "meta": {
        "projectId": "ohDidvG9XsCeFumugENU3J",
        "id": "dT-owZu8-6an"
      }
    },
    {
      "name": "System: Margin XXS",
      "type": "spacing",
      "value": "var(--antd-marginXXS)",
      "category": "spacing",
      "meta": {
        "projectId": "jkU633o1Cz7HrJdwdxhVHk",
        "id": "fCBRzfPOBNOL"
      }
    },
    {
      "name": "System: Margin XXS",
      "type": "spacing",
      "value": "var(--antd-marginXXS)",
      "category": "spacing",
      "meta": {
        "projectId": "ohDidvG9XsCeFumugENU3J",
        "id": "mZAl1RAwSIao"
      }
    },
    {
      "name": "System: Padding LG",
      "type": "spacing",
      "value": "var(--antd-paddingLG)",
      "category": "spacing",
      "meta": {
        "projectId": "jkU633o1Cz7HrJdwdxhVHk",
        "id": "hfUqRMNdS5wL"
      }
    },
    {
      "name": "System: Padding LG",
      "type": "spacing",
      "value": "var(--antd-paddingLG)",
      "category": "spacing",
      "meta": {
        "projectId": "ohDidvG9XsCeFumugENU3J",
        "id": "02IfQLozsPKb"
      }
    },
    {
      "name": "System: Padding M",
      "type": "spacing",
      "value": "var(--antd-padding)",
      "category": "spacing",
      "meta": {
        "projectId": "jkU633o1Cz7HrJdwdxhVHk",
        "id": "GnePloX-BYUf"
      }
    },
    {
      "name": "System: Padding M",
      "type": "spacing",
      "value": "var(--antd-padding)",
      "category": "spacing",
      "meta": {
        "projectId": "ohDidvG9XsCeFumugENU3J",
        "id": "UEz8jpx4ZeEk"
      }
    },
    {
      "name": "System: Padding MD",
      "type": "spacing",
      "value": "var(--antd-paddingMD)",
      "category": "spacing",
      "meta": {
        "projectId": "jkU633o1Cz7HrJdwdxhVHk",
        "id": "pgaudsfqNIH0"
      }
    },
    {
      "name": "System: Padding MD",
      "type": "spacing",
      "value": "var(--antd-paddingMD)",
      "category": "spacing",
      "meta": {
        "projectId": "ohDidvG9XsCeFumugENU3J",
        "id": "Kzvu_5ZcCKzb"
      }
    },
    {
      "name": "System: Padding SM",
      "type": "spacing",
      "value": "var(--antd-paddingSM)",
      "category": "spacing",
      "meta": {
        "projectId": "jkU633o1Cz7HrJdwdxhVHk",
        "id": "o3y7S9gx0ndk"
      }
    },
    {
      "name": "System: Padding SM",
      "type": "spacing",
      "value": "var(--antd-paddingSM)",
      "category": "spacing",
      "meta": {
        "projectId": "ohDidvG9XsCeFumugENU3J",
        "id": "Tf_KtjkxGdsv"
      }
    },
    {
      "name": "System: Padding XL",
      "type": "spacing",
      "value": "var(--antd-paddingXL)",
      "category": "spacing",
      "meta": {
        "projectId": "jkU633o1Cz7HrJdwdxhVHk",
        "id": "0aJ0ExCGAHaV"
      }
    },
    {
      "name": "System: Padding XL",
      "type": "spacing",
      "value": "var(--antd-paddingXL)",
      "category": "spacing",
      "meta": {
        "projectId": "ohDidvG9XsCeFumugENU3J",
        "id": "oW80B2Q_Cufz"
      }
    },
    {
      "name": "System: Padding XS",
      "type": "spacing",
      "value": "var(--antd-paddingXS)",
      "category": "spacing",
      "meta": {
        "projectId": "jkU633o1Cz7HrJdwdxhVHk",
        "id": "MlCXSE1p_B5w"
      }
    },
    {
      "name": "System: Padding XS",
      "type": "spacing",
      "value": "var(--antd-paddingXS)",
      "category": "spacing",
      "meta": {
        "projectId": "ohDidvG9XsCeFumugENU3J",
        "id": "oYI7ebdZitcv"
      }
    },
    {
      "name": "System: Padding XXS",
      "type": "spacing",
      "value": "var(--antd-paddingXXS)",
      "category": "spacing",
      "meta": {
        "projectId": "jkU633o1Cz7HrJdwdxhVHk",
        "id": "o9SjJ7GuRCZJ"
      }
    },
    {
      "name": "System: Padding XXS",
      "type": "spacing",
      "value": "var(--antd-paddingXXS)",
      "category": "spacing",
      "meta": {
        "projectId": "ohDidvG9XsCeFumugENU3J",
        "id": "cSJ2BJk-9JCq"
      }
    },
    {
      "name": "System: Primary",
      "type": "color",
      "value": "var(--antd-colorPrimary)",
      "category": "color",
      "meta": {
        "projectId": "jkU633o1Cz7HrJdwdxhVHk",
        "id": "iWQmILTzm3N0"
      }
    },
    {
      "name": "System: Primary",
      "type": "color",
      "value": "var(--antd-colorPrimary)",
      "category": "color",
      "meta": {
        "projectId": "ohDidvG9XsCeFumugENU3J",
        "id": "pRs3-4jrQ4XQ"
      }
    },
    {
      "name": "System: Primary Active",
      "type": "color",
      "value": "var(--antd-colorPrimaryActive)",
      "category": "color",
      "meta": {
        "projectId": "jkU633o1Cz7HrJdwdxhVHk",
        "id": "5OZEb1MGGCI4"
      }
    },
    {
      "name": "System: Primary Active",
      "type": "color",
      "value": "var(--antd-colorPrimaryActive)",
      "category": "color",
      "meta": {
        "projectId": "ohDidvG9XsCeFumugENU3J",
        "id": "zeOmhvqK1boB"
      }
    },
    {
      "name": "System: Primary Bg",
      "type": "color",
      "value": "var(--antd-colorPrimaryBg)",
      "category": "color",
      "meta": {
        "projectId": "jkU633o1Cz7HrJdwdxhVHk",
        "id": "lIvc0WM5-V4N"
      }
    },
    {
      "name": "System: Primary Bg",
      "type": "color",
      "value": "var(--antd-colorPrimaryBg)",
      "category": "color",
      "meta": {
        "projectId": "ohDidvG9XsCeFumugENU3J",
        "id": "6Lhw5mK6wolF"
      }
    },
    {
      "name": "System: Primary Bg Hover",
      "type": "color",
      "value": "var(--antd-colorPrimaryBgHover)",
      "category": "color",
      "meta": {
        "projectId": "jkU633o1Cz7HrJdwdxhVHk",
        "id": "WxyGMLCV1Pdq"
      }
    },
    {
      "name": "System: Primary Bg Hover",
      "type": "color",
      "value": "var(--antd-colorPrimaryBgHover)",
      "category": "color",
      "meta": {
        "projectId": "ohDidvG9XsCeFumugENU3J",
        "id": "6G9-A5vsJlrH"
      }
    },
    {
      "name": "System: Primary Border",
      "type": "color",
      "value": "var(--antd-colorPrimaryBorder)",
      "category": "color",
      "meta": {
        "projectId": "jkU633o1Cz7HrJdwdxhVHk",
        "id": "IlR0iqdnKI_m"
      }
    },
    {
      "name": "System: Primary Border",
      "type": "color",
      "value": "var(--antd-colorPrimaryBorder)",
      "category": "color",
      "meta": {
        "projectId": "ohDidvG9XsCeFumugENU3J",
        "id": "ukwKZMvHWx7C"
      }
    },
    {
      "name": "System: Primary Border Hover",
      "type": "color",
      "value": "var(--antd-colorPrimaryBorderHover)",
      "category": "color",
      "meta": {
        "projectId": "jkU633o1Cz7HrJdwdxhVHk",
        "id": "7yzgT3X0hxHm"
      }
    },
    {
      "name": "System: Primary Border Hover",
      "type": "color",
      "value": "var(--antd-colorPrimaryBorderHover)",
      "category": "color",
      "meta": {
        "projectId": "ohDidvG9XsCeFumugENU3J",
        "id": "8lqFm4pa_96a"
      }
    },
    {
      "name": "System: Primary Hover",
      "type": "color",
      "value": "var(--antd-colorPrimaryHover)",
      "category": "color",
      "meta": {
        "projectId": "jkU633o1Cz7HrJdwdxhVHk",
        "id": "zSc5dQE2YXMN"
      }
    },
    {
      "name": "System: Primary Hover",
      "type": "color",
      "value": "var(--antd-colorPrimaryHover)",
      "category": "color",
      "meta": {
        "projectId": "ohDidvG9XsCeFumugENU3J",
        "id": "0W4hE_aeKQkw"
      }
    },
    {
      "name": "System: Primary Text",
      "type": "color",
      "value": "var(--antd-colorPrimaryText)",
      "category": "color",
      "meta": {
        "projectId": "jkU633o1Cz7HrJdwdxhVHk",
        "id": "jULyYuL3e-TL"
      }
    },
    {
      "name": "System: Primary Text",
      "type": "color",
      "value": "var(--antd-colorPrimaryText)",
      "category": "color",
      "meta": {
        "projectId": "ohDidvG9XsCeFumugENU3J",
        "id": "DxfYAkV7QVUJ"
      }
    },
    {
      "name": "System: Primary Text Active",
      "type": "color",
      "value": "var(--antd-colorPrimaryTextActive)",
      "category": "color",
      "meta": {
        "projectId": "jkU633o1Cz7HrJdwdxhVHk",
        "id": "fyoD0poQfxvl"
      }
    },
    {
      "name": "System: Primary Text Active",
      "type": "color",
      "value": "var(--antd-colorPrimaryTextActive)",
      "category": "color",
      "meta": {
        "projectId": "ohDidvG9XsCeFumugENU3J",
        "id": "zXou5HA2hb1R"
      }
    },
    {
      "name": "System: Primary Text Hover",
      "type": "color",
      "value": "var(--antd-colorPrimaryTextHover)",
      "category": "color",
      "meta": {
        "projectId": "jkU633o1Cz7HrJdwdxhVHk",
        "id": "7EicNAKGWsev"
      }
    },
    {
      "name": "System: Primary Text Hover",
      "type": "color",
      "value": "var(--antd-colorPrimaryTextHover)",
      "category": "color",
      "meta": {
        "projectId": "ohDidvG9XsCeFumugENU3J",
        "id": "Y4FX9LFslfTe"
      }
    },
    {
      "name": "System: SM",
      "type": "fontsize",
      "value": "var(--antd-fontSizeSM)",
      "category": "fontsize",
      "meta": {
        "projectId": "jkU633o1Cz7HrJdwdxhVHk",
        "id": "S57U-ojSMftk"
      }
    },
    {
      "name": "System: SM",
      "type": "lineheight",
      "value": "var(--antd-lineHeightSM)",
      "category": "lineheight",
      "meta": {
        "projectId": "jkU633o1Cz7HrJdwdxhVHk",
        "id": "SVc6Y_f02A4U"
      }
    },
    {
      "name": "System: SM",
      "type": "fontsize",
      "value": "var(--antd-fontSizeSM)",
      "category": "fontsize",
      "meta": {
        "projectId": "ohDidvG9XsCeFumugENU3J",
        "id": "o0Nl0Hefncwa"
      }
    },
    {
      "name": "System: SM",
      "type": "lineheight",
      "value": "var(--antd-lineHeightSM)",
      "category": "lineheight",
      "meta": {
        "projectId": "ohDidvG9XsCeFumugENU3J",
        "id": "wxMcxZBYnxHD"
      }
    },
    {
      "name": "System: Success",
      "type": "color",
      "value": "var(--antd-colorSuccess)",
      "category": "color",
      "meta": {
        "projectId": "jkU633o1Cz7HrJdwdxhVHk",
        "id": "HyiizzCtnTod"
      }
    },
    {
      "name": "System: Success",
      "type": "color",
      "value": "var(--antd-colorSuccess)",
      "category": "color",
      "meta": {
        "projectId": "ohDidvG9XsCeFumugENU3J",
        "id": "sn6Zb6km7CqW"
      }
    },
    {
      "name": "System: Success Active",
      "type": "color",
      "value": "var(--antd-colorSuccessActive)",
      "category": "color",
      "meta": {
        "projectId": "jkU633o1Cz7HrJdwdxhVHk",
        "id": "Z7tAkk9KA7lq"
      }
    },
    {
      "name": "System: Success Active",
      "type": "color",
      "value": "var(--antd-colorSuccessActive)",
      "category": "color",
      "meta": {
        "projectId": "ohDidvG9XsCeFumugENU3J",
        "id": "JP-pI4-MAOWS"
      }
    },
    {
      "name": "System: Success Bg",
      "type": "color",
      "value": "var(--antd-colorSuccessBg)",
      "category": "color",
      "meta": {
        "projectId": "jkU633o1Cz7HrJdwdxhVHk",
        "id": "oh_zdnnQ9zjm"
      }
    },
    {
      "name": "System: Success Bg",
      "type": "color",
      "value": "var(--antd-colorSuccessBg)",
      "category": "color",
      "meta": {
        "projectId": "ohDidvG9XsCeFumugENU3J",
        "id": "TgVT8YipjX7B"
      }
    },
    {
      "name": "System: Success Bg Hover",
      "type": "color",
      "value": "var(--antd-colorSuccessBgHover)",
      "category": "color",
      "meta": {
        "projectId": "jkU633o1Cz7HrJdwdxhVHk",
        "id": "aTHxjKoUeWnv"
      }
    },
    {
      "name": "System: Success Bg Hover",
      "type": "color",
      "value": "var(--antd-colorSuccessBgHover)",
      "category": "color",
      "meta": {
        "projectId": "ohDidvG9XsCeFumugENU3J",
        "id": "R0SUfsNirUr0"
      }
    },
    {
      "name": "System: Success Border",
      "type": "color",
      "value": "var(--antd-colorSuccessBorder)",
      "category": "color",
      "meta": {
        "projectId": "jkU633o1Cz7HrJdwdxhVHk",
        "id": "yY5WOXi2jAzm"
      }
    },
    {
      "name": "System: Success Border",
      "type": "color",
      "value": "var(--antd-colorSuccessBorder)",
      "category": "color",
      "meta": {
        "projectId": "ohDidvG9XsCeFumugENU3J",
        "id": "mIWA40Rvp-L3"
      }
    },
    {
      "name": "System: Success Border Hover",
      "type": "color",
      "value": "var(--antd-colorSuccessBorderHover)",
      "category": "color",
      "meta": {
        "projectId": "jkU633o1Cz7HrJdwdxhVHk",
        "id": "_5gBev-c4IE1"
      }
    },
    {
      "name": "System: Success Border Hover",
      "type": "color",
      "value": "var(--antd-colorSuccessBorderHover)",
      "category": "color",
      "meta": {
        "projectId": "ohDidvG9XsCeFumugENU3J",
        "id": "uumNIGVKomsI"
      }
    },
    {
      "name": "System: Success Hover",
      "type": "color",
      "value": "var(--antd-colorSuccessHover)",
      "category": "color",
      "meta": {
        "projectId": "jkU633o1Cz7HrJdwdxhVHk",
        "id": "EfBA1Z63plMe"
      }
    },
    {
      "name": "System: Success Hover",
      "type": "color",
      "value": "var(--antd-colorSuccessHover)",
      "category": "color",
      "meta": {
        "projectId": "ohDidvG9XsCeFumugENU3J",
        "id": "Vb0i3yqgVWX8"
      }
    },
    {
      "name": "System: Success Text",
      "type": "color",
      "value": "var(--antd-colorSuccessText)",
      "category": "color",
      "meta": {
        "projectId": "jkU633o1Cz7HrJdwdxhVHk",
        "id": "-9SFkh0xiZqQ"
      }
    },
    {
      "name": "System: Success Text",
      "type": "color",
      "value": "var(--antd-colorSuccessText)",
      "category": "color",
      "meta": {
        "projectId": "ohDidvG9XsCeFumugENU3J",
        "id": "6u49iN2cxqzs"
      }
    },
    {
      "name": "System: Success Text Active",
      "type": "color",
      "value": "var(--antd-colorSuccessTextActive)",
      "category": "color",
      "meta": {
        "projectId": "jkU633o1Cz7HrJdwdxhVHk",
        "id": "hrMucCmuVP2a"
      }
    },
    {
      "name": "System: Success Text Active",
      "type": "color",
      "value": "var(--antd-colorSuccessTextActive)",
      "category": "color",
      "meta": {
        "projectId": "ohDidvG9XsCeFumugENU3J",
        "id": "U2IgSncNyCpY"
      }
    },
    {
      "name": "System: Success Text Hover",
      "type": "color",
      "value": "var(--antd-colorSuccessTextHover)",
      "category": "color",
      "meta": {
        "projectId": "jkU633o1Cz7HrJdwdxhVHk",
        "id": "N44WQybcxHnK"
      }
    },
    {
      "name": "System: Success Text Hover",
      "type": "color",
      "value": "var(--antd-colorSuccessTextHover)",
      "category": "color",
      "meta": {
        "projectId": "ohDidvG9XsCeFumugENU3J",
        "id": "nJiUvSvijQl3"
      }
    },
    {
      "name": "System: Text",
      "type": "color",
      "value": "var(--antd-colorText)",
      "category": "color",
      "meta": {
        "projectId": "jkU633o1Cz7HrJdwdxhVHk",
        "id": "b54tAmlgUaXe"
      }
    },
    {
      "name": "System: Text",
      "type": "color",
      "value": "var(--antd-colorText)",
      "category": "color",
      "meta": {
        "projectId": "ohDidvG9XsCeFumugENU3J",
        "id": "kzT08fQBAHgz"
      }
    },
    {
      "name": "System: Text Quaternary",
      "type": "color",
      "value": "var(--antd-colorTextQuaternary)",
      "category": "color",
      "meta": {
        "projectId": "jkU633o1Cz7HrJdwdxhVHk",
        "id": "ehVEIAjb9HeO"
      }
    },
    {
      "name": "System: Text Quaternary",
      "type": "color",
      "value": "var(--antd-colorTextQuaternary)",
      "category": "color",
      "meta": {
        "projectId": "ohDidvG9XsCeFumugENU3J",
        "id": "-rHJyFFIHSqx"
      }
    },
    {
      "name": "System: Text Secondary",
      "type": "color",
      "value": "var(--antd-colorTextSecondary)",
      "category": "color",
      "meta": {
        "projectId": "jkU633o1Cz7HrJdwdxhVHk",
        "id": "qlDkklux5JrT"
      }
    },
    {
      "name": "System: Text Secondary",
      "type": "color",
      "value": "var(--antd-colorTextSecondary)",
      "category": "color",
      "meta": {
        "projectId": "ohDidvG9XsCeFumugENU3J",
        "id": "LqpCVPPZF4_r"
      }
    },
    {
      "name": "System: Text Tertiary",
      "type": "color",
      "value": "var(--antd-colorTextTertiary)",
      "category": "color",
      "meta": {
        "projectId": "jkU633o1Cz7HrJdwdxhVHk",
        "id": "Unt2O2MnUneb"
      }
    },
    {
      "name": "System: Text Tertiary",
      "type": "color",
      "value": "var(--antd-colorTextTertiary)",
      "category": "color",
      "meta": {
        "projectId": "ohDidvG9XsCeFumugENU3J",
        "id": "RHb8DXPBtDBn"
      }
    },
    {
      "name": "System: Warning",
      "type": "color",
      "value": "var(--antd-colorWarning)",
      "category": "color",
      "meta": {
        "projectId": "jkU633o1Cz7HrJdwdxhVHk",
        "id": "DUPkVtvXeJJo"
      }
    },
    {
      "name": "System: Warning",
      "type": "color",
      "value": "var(--antd-colorWarning)",
      "category": "color",
      "meta": {
        "projectId": "ohDidvG9XsCeFumugENU3J",
        "id": "47ovROB-Xr2C"
      }
    },
    {
      "name": "System: Warning Active",
      "type": "color",
      "value": "var(--antd-colorWarningActive)",
      "category": "color",
      "meta": {
        "projectId": "jkU633o1Cz7HrJdwdxhVHk",
        "id": "Bjjq_24AWhes"
      }
    },
    {
      "name": "System: Warning Active",
      "type": "color",
      "value": "var(--antd-colorWarningActive)",
      "category": "color",
      "meta": {
        "projectId": "ohDidvG9XsCeFumugENU3J",
        "id": "Ycl7DlUSVY4S"
      }
    },
    {
      "name": "System: Warning Bg",
      "type": "color",
      "value": "var(--antd-colorWarningBg)",
      "category": "color",
      "meta": {
        "projectId": "jkU633o1Cz7HrJdwdxhVHk",
        "id": "SXG6cjnWZyNC"
      }
    },
    {
      "name": "System: Warning Bg",
      "type": "color",
      "value": "var(--antd-colorWarningBg)",
      "category": "color",
      "meta": {
        "projectId": "ohDidvG9XsCeFumugENU3J",
        "id": "KrBMMqlPClZi"
      }
    },
    {
      "name": "System: Warning Bg Hover",
      "type": "color",
      "value": "var(--antd-colorWarningBgHover)",
      "category": "color",
      "meta": {
        "projectId": "jkU633o1Cz7HrJdwdxhVHk",
        "id": "arm2L2XW_xJ6"
      }
    },
    {
      "name": "System: Warning Bg Hover",
      "type": "color",
      "value": "var(--antd-colorWarningBgHover)",
      "category": "color",
      "meta": {
        "projectId": "ohDidvG9XsCeFumugENU3J",
        "id": "AIwAzeyxiz1x"
      }
    },
    {
      "name": "System: Warning Border",
      "type": "color",
      "value": "var(--antd-colorWarningBorder)",
      "category": "color",
      "meta": {
        "projectId": "jkU633o1Cz7HrJdwdxhVHk",
        "id": "dZTqA8w80eW1"
      }
    },
    {
      "name": "System: Warning Border",
      "type": "color",
      "value": "var(--antd-colorWarningBorder)",
      "category": "color",
      "meta": {
        "projectId": "ohDidvG9XsCeFumugENU3J",
        "id": "u21Gzl9DygXI"
      }
    },
    {
      "name": "System: Warning Border Hover",
      "type": "color",
      "value": "var(--antd-colorWarningBorderHover)",
      "category": "color",
      "meta": {
        "projectId": "jkU633o1Cz7HrJdwdxhVHk",
        "id": "LCC99oGt2mlX"
      }
    },
    {
      "name": "System: Warning Border Hover",
      "type": "color",
      "value": "var(--antd-colorWarningBorderHover)",
      "category": "color",
      "meta": {
        "projectId": "ohDidvG9XsCeFumugENU3J",
        "id": "M_5fD3bsBbm4"
      }
    },
    {
      "name": "System: Warning Hover",
      "type": "color",
      "value": "var(--antd-colorWarningHover)",
      "category": "color",
      "meta": {
        "projectId": "jkU633o1Cz7HrJdwdxhVHk",
        "id": "3GX45hKJgVgM"
      }
    },
    {
      "name": "System: Warning Hover",
      "type": "color",
      "value": "var(--antd-colorWarningHover)",
      "category": "color",
      "meta": {
        "projectId": "ohDidvG9XsCeFumugENU3J",
        "id": "IFDRLVnOGObf"
      }
    },
    {
      "name": "System: Warning Text",
      "type": "color",
      "value": "var(--antd-colorWarningText)",
      "category": "color",
      "meta": {
        "projectId": "jkU633o1Cz7HrJdwdxhVHk",
        "id": "LqD8W4lcEdIj"
      }
    },
    {
      "name": "System: Warning Text",
      "type": "color",
      "value": "var(--antd-colorWarningText)",
      "category": "color",
      "meta": {
        "projectId": "ohDidvG9XsCeFumugENU3J",
        "id": "EueuB3d74YKA"
      }
    },
    {
      "name": "System: Warning Text Active",
      "type": "color",
      "value": "var(--antd-colorWarningTextActive)",
      "category": "color",
      "meta": {
        "projectId": "jkU633o1Cz7HrJdwdxhVHk",
        "id": "MAnhFXGh8Ir8"
      }
    },
    {
      "name": "System: Warning Text Active",
      "type": "color",
      "value": "var(--antd-colorWarningTextActive)",
      "category": "color",
      "meta": {
        "projectId": "ohDidvG9XsCeFumugENU3J",
        "id": "2ObYh10hZuCh"
      }
    },
    {
      "name": "System: Warning Text Hover",
      "type": "color",
      "value": "var(--antd-colorWarningTextHover)",
      "category": "color",
      "meta": {
        "projectId": "jkU633o1Cz7HrJdwdxhVHk",
        "id": "bASdKwkcGC-_"
      }
    },
    {
      "name": "System: Warning Text Hover",
      "type": "color",
      "value": "var(--antd-colorWarningTextHover)",
      "category": "color",
      "meta": {
        "projectId": "ohDidvG9XsCeFumugENU3J",
        "id": "bHHJuMx2zyxz"
      }
    },
    {
      "name": "System: White",
      "type": "color",
      "value": "var(--antd-colorWhite)",
      "category": "color",
      "meta": {
        "projectId": "jkU633o1Cz7HrJdwdxhVHk",
        "id": "O-63NKRcNhLJ"
      }
    },
    {
      "name": "System: White",
      "type": "color",
      "value": "var(--antd-colorWhite)",
      "category": "color",
      "meta": {
        "projectId": "ohDidvG9XsCeFumugENU3J",
        "id": "Yq556PvPjGii"
      }
    },
    {
      "name": "System: XL",
      "type": "fontsize",
      "value": "var(--antd-fontSizeXL)",
      "category": "fontsize",
      "meta": {
        "projectId": "jkU633o1Cz7HrJdwdxhVHk",
        "id": "H1BaJ8q_hk3H"
      }
    },
    {
      "name": "System: XL",
      "type": "fontsize",
      "value": "var(--antd-fontSizeXL)",
      "category": "fontsize",
      "meta": {
        "projectId": "ohDidvG9XsCeFumugENU3J",
        "id": "BwOcdtoxJOlu"
      }
    },
    {
      "name": "X Large",
      "type": "fontsize",
      "value": "1.25rem",
      "category": "fontsize",
      "meta": {
        "projectId": "h9Dbk9ygddw7UVEq1NNhKi",
        "id": "y5gXq2Mgh7sV"
      }
    },
    {
      "name": "X Small",
      "type": "fontsize",
      "value": "0.75rem",
      "category": "fontsize",
      "meta": {
        "projectId": "h9Dbk9ygddw7UVEq1NNhKi",
        "id": "VrIY9r5RDQZ_"
      }
    },
    {
      "name": "base",
      "type": "fontsize",
      "value": "1rem",
      "category": "fontsize",
      "meta": {
        "projectId": "h9Dbk9ygddw7UVEq1NNhKi",
        "id": "tM2Vh4zTir7U"
      }
    },
    {
      "name": "base",
      "type": "fontsize",
      "value": "1rem",
      "category": "fontsize",
      "meta": {
        "projectId": "afXULSfGYmou2jFpEc2QWJ",
        "id": "TQJ-rnRNtYde"
      }
    },
    {
      "name": "base-text",
      "type": "color",
      "value": "#2B2F33",
      "category": "color",
      "meta": {
        "projectId": "h9Dbk9ygddw7UVEq1NNhKi",
        "id": "u3OudfMChOo3"
      }
    },
    {
      "name": "base-text",
      "type": "color",
      "value": "#2B2F33",
      "category": "color",
      "meta": {
        "projectId": "afXULSfGYmou2jFpEc2QWJ",
        "id": "1v_QumsuotEo"
      }
    },
    {
      "name": "brand",
      "type": "color",
      "value": "#3F4079",
      "category": "color",
      "meta": {
        "projectId": "h9Dbk9ygddw7UVEq1NNhKi",
        "id": "N7E-iBLBGvbe"
      }
    },
    {
      "name": "dark",
      "type": "color",
      "value": "#2B2F33",
      "category": "color",
      "meta": {
        "projectId": "h9Dbk9ygddw7UVEq1NNhKi",
        "id": "8itld8j2DCdr"
      }
    },
    {
      "name": "green-500",
      "type": "color",
      "value": "#22C55E",
      "category": "color",
      "meta": {
        "projectId": "h9Dbk9ygddw7UVEq1NNhKi",
        "id": "lw4xv_KKpd4e"
      }
    },
    {
      "name": "green-600",
      "type": "color",
      "value": "#16A34A",
      "category": "color",
      "meta": {
        "projectId": "h9Dbk9ygddw7UVEq1NNhKi",
        "id": "kpM4b4mG4f2d"
      }
    },
    {
      "name": "large",
      "type": "fontsize",
      "value": "1.125rem",
      "category": "fontsize",
      "meta": {
        "projectId": "h9Dbk9ygddw7UVEq1NNhKi",
        "id": "RxWJli6xyBzp"
      }
    },
    {
      "name": "primary",
      "type": "color",
      "value": "#3861FB",
      "category": "color",
      "meta": {
        "projectId": "h9Dbk9ygddw7UVEq1NNhKi",
        "id": "JDvyxAtm9ONK"
      }
    },
    {
      "name": "primary",
      "type": "color",
      "value": "#3861FB",
      "category": "color",
      "meta": {
        "projectId": "afXULSfGYmou2jFpEc2QWJ",
        "id": "S9chob8ToCvC"
      }
    },
    {
      "name": "primary-dark",
      "type": "color",
      "value": "#2B4DCC",
      "category": "color",
      "meta": {
        "projectId": "h9Dbk9ygddw7UVEq1NNhKi",
        "id": "n7oRIobFxMYD"
      }
    },
    {
      "name": "primary-dark",
      "type": "color",
      "value": "#2B4DCC",
      "category": "color",
      "meta": {
        "projectId": "afXULSfGYmou2jFpEc2QWJ",
        "id": "O6dAEo4xtM-4"
      }
    },
    {
      "name": "red-500",
      "type": "color",
      "value": "#EF4444",
      "category": "color",
      "meta": {
        "projectId": "h9Dbk9ygddw7UVEq1NNhKi",
        "id": "1jTXKEDkeRHC"
      }
    },
    {
      "name": "slate-100",
      "type": "color",
      "value": "#F1F5F9",
      "category": "color",
      "meta": {
        "projectId": "h9Dbk9ygddw7UVEq1NNhKi",
        "id": "BU1JCAY6hntB"
      }
    },
    {
      "name": "slate-200",
      "type": "color",
      "value": "#E2E8F0",
      "category": "color",
      "meta": {
        "projectId": "h9Dbk9ygddw7UVEq1NNhKi",
        "id": "Y3HOiwZmAcAF"
      }
    },
    {
      "name": "slate-300",
      "type": "color",
      "value": "#CBD5E1",
      "category": "color",
      "meta": {
        "projectId": "h9Dbk9ygddw7UVEq1NNhKi",
        "id": "VeLONbiJQakl"
      }
    },
    {
      "name": "slate-400",
      "type": "color",
      "value": "#94A3B8",
      "category": "color",
      "meta": {
        "projectId": "h9Dbk9ygddw7UVEq1NNhKi",
        "id": "zGjeYJZOhQzx"
      }
    },
    {
      "name": "slate-50",
      "type": "color",
      "value": "#F8FAFC",
      "category": "color",
      "meta": {
        "projectId": "h9Dbk9ygddw7UVEq1NNhKi",
        "id": "It8BufY6ejOY"
      }
    },
    {
      "name": "slate-500",
      "type": "color",
      "value": "#64748B",
      "category": "color",
      "meta": {
        "projectId": "h9Dbk9ygddw7UVEq1NNhKi",
        "id": "sMH6_tUwTYlv"
      }
    },
    {
      "name": "slate-600",
      "type": "color",
      "value": "#475569",
      "category": "color",
      "meta": {
        "projectId": "h9Dbk9ygddw7UVEq1NNhKi",
        "id": "rjAIDXsTjJqJ"
      }
    },
    {
      "name": "slate-700",
      "type": "color",
      "value": "#334155",
      "category": "color",
      "meta": {
        "projectId": "h9Dbk9ygddw7UVEq1NNhKi",
        "id": "h60EUZH0cVA6"
      }
    },
    {
      "name": "slate-800",
      "type": "color",
      "value": "#1E293B",
      "category": "color",
      "meta": {
        "projectId": "h9Dbk9ygddw7UVEq1NNhKi",
        "id": "6sli1sYB-Ose"
      }
    },
    {
      "name": "slate-900",
      "type": "color",
      "value": "#0F172A",
      "category": "color",
      "meta": {
        "projectId": "h9Dbk9ygddw7UVEq1NNhKi",
        "id": "LPwJqXnrei6F"
      }
    },
    {
      "name": "small",
      "type": "fontsize",
      "value": "0.875rem",
      "category": "fontsize",
      "meta": {
        "projectId": "h9Dbk9ygddw7UVEq1NNhKi",
        "id": "6NbVMeD6zQwn"
      }
    },
    {
      "name": "small",
      "type": "fontsize",
      "value": "0.875rem",
      "category": "fontsize",
      "meta": {
        "projectId": "afXULSfGYmou2jFpEc2QWJ",
        "id": "5Ye_3XTSaP9X"
      }
    }
  ],
  "global": {
    "meta": {
      "source": "plasmic.app"
    }
  }
}