{
  "platform": "nextjs",
  "code": {
    "lang": "ts",
    "scheme": "blackbox",
    "reactRuntime": "classic"
  },
  "style": {
    "scheme": "css-modules",
    "defaultStyleCssFilePath": "plasmic/plasmic__default_style.module.css"
  },
  "images": {
    "scheme": "public-files",
    "publicDir": "../public",
    "publicUrlPrefix": "/"
  },
  "tokens": {
    "scheme": "theo",
    "tokensFilePath": "plasmic-tokens.theo.json"
  },
  "srcDir": "components",
  "defaultPlasmicDir": "./plasmic",
  "projects": [
    {
      "projectId": "caTPwKxj5ZrD9LQ7DMdK4Z",
      "projectApiToken": "vXGGQpdi9fhcncabBdg8DcMRUbkz0iRW6HS1jzQufQR6QH0MasPwr9SX7ap4SsK3xXwwXmzZtglWGe0Rm2nw",
      "projectName": "plasmic-basic-components",
      "version": ">0.0.0",
      "cssFilePath": "plasmic/plasmic_basic_components/plasmic.module.css",
      "components": [],
      "icons": [],
      "images": [],
      "indirect": true,
      "globalContextsFilePath": "",
      "splitsProviderFilePath": "",
      "codeComponents": [
        {
          "id": "CMDBvOhaI4s",
          "name": "Iframe",
          "displayName": "hostless-iframe",
          "componentImportPath": "@plasmicpkgs/plasmic-basic-components"
        },
        {
          "id": "RhitNJW5Zu-",
          "name": "Video",
          "displayName": "hostless-html-video",
          "componentImportPath": "@plasmicpkgs/plasmic-basic-components"
        },
        {
          "id": "PKldDYkH42",
          "name": "Embed",
          "displayName": "hostless-embed",
          "componentImportPath": "@plasmicpkgs/plasmic-basic-components"
        },
        {
          "id": "D4RbnlpRXg3",
          "name": "DataProvider",
          "displayName": "hostless-data-provider",
          "componentImportPath": "@plasmicpkgs/plasmic-basic-components"
        },
        {
          "id": "zlBHsvkFlN",
          "name": "ConditionGuard",
          "displayName": "hostless-condition-guard",
          "componentImportPath": "@plasmicpkgs/plasmic-basic-components"
        },
        {
          "id": "K-mWGqrHefEp",
          "name": "SideEffect",
          "displayName": "hostless-side-effect",
          "componentImportPath": "@plasmicpkgs/plasmic-basic-components"
        },
        {
          "id": "SpkzmXJqg27p",
          "name": "Timer",
          "displayName": "hostless-timer",
          "componentImportPath": "@plasmicpkgs/plasmic-basic-components"
        }
      ],
      "customFunctions": [],
      "jsBundleThemes": []
    },
    {
      "projectId": "oBJtsp5RgVpcN6KCrDTuQT",
      "projectApiToken": "Z0HEwdCEbNq2vJqCawLDXDkFahbOZftdUQ198aMRfnh2EL3KVg2GQ0q3G7MV4Q5hexgsS4BVG9ZpjLWYxcjg",
      "projectName": "Fragment/Icons",
      "version": ">0.0.0",
      "cssFilePath": "plasmic/fragment_icons/plasmic.module.css",
      "components": [],
      "icons": [
        {
          "id": "rDjUqSUK3eUM",
          "name": "BellIcon",
          "moduleFilePath": "plasmic/fragment_icons/icons/PlasmicIcon__Bell.tsx"
        },
        {
          "id": "r9Upp9NbiZkf",
          "name": "ChevronLeftIcon",
          "moduleFilePath": "plasmic/fragment_icons/icons/PlasmicIcon__ChevronLeft.tsx"
        },
        {
          "id": "GHdF3hS-oP_3",
          "name": "ChevronRightIcon",
          "moduleFilePath": "plasmic/fragment_icons/icons/PlasmicIcon__ChevronRight.tsx"
        },
        {
          "id": "YXreB8gS3SjV",
          "name": "ChevronUpIcon",
          "moduleFilePath": "plasmic/fragment_icons/icons/PlasmicIcon__ChevronUp.tsx"
        },
        {
          "id": "aC_QFogxt1Ko",
          "name": "ChevronDownIcon",
          "moduleFilePath": "plasmic/fragment_icons/icons/PlasmicIcon__ChevronDown.tsx"
        },
        {
          "id": "GRY2zHJ6uxOn",
          "name": "ThumbUpIcon",
          "moduleFilePath": "plasmic/fragment_icons/icons/PlasmicIcon__ThumbUp.tsx"
        },
        {
          "id": "jHvDymIOvRnf",
          "name": "ThumbDownIcon",
          "moduleFilePath": "plasmic/fragment_icons/icons/PlasmicIcon__ThumbDown.tsx"
        },
        {
          "id": "9zdEG9CdGbdC",
          "name": "LocationIcon",
          "moduleFilePath": "plasmic/fragment_icons/icons/PlasmicIcon__Location.tsx"
        },
        {
          "id": "7Dhq6fgU-utK",
          "name": "InfoIcon",
          "moduleFilePath": "plasmic/fragment_icons/icons/PlasmicIcon__Info.tsx"
        },
        {
          "id": "J8ozh55UiWsA",
          "name": "SmileIcon",
          "moduleFilePath": "plasmic/fragment_icons/icons/PlasmicIcon__Smile.tsx"
        },
        {
          "id": "rW7v27ONOoUe",
          "name": "ClockIcon",
          "moduleFilePath": "plasmic/fragment_icons/icons/PlasmicIcon__Clock.tsx"
        },
        {
          "id": "4D7uZNf6OjbV",
          "name": "MoneyIcon",
          "moduleFilePath": "plasmic/fragment_icons/icons/PlasmicIcon__Money.tsx"
        },
        {
          "id": "e2zWN9c_lxv7",
          "name": "CalendarIcon",
          "moduleFilePath": "plasmic/fragment_icons/icons/PlasmicIcon__Calendar.tsx"
        },
        {
          "id": "WTtCf_1I-uMv",
          "name": "HeartIcon",
          "moduleFilePath": "plasmic/fragment_icons/icons/PlasmicIcon__Heart.tsx"
        },
        {
          "id": "eZfYsLpdWQA_",
          "name": "BoldheartIcon",
          "moduleFilePath": "plasmic/fragment_icons/icons/PlasmicIcon__Boldheart.tsx"
        },
        {
          "id": "NSxX1Iy4jDVL",
          "name": "ShareIcon",
          "moduleFilePath": "plasmic/fragment_icons/icons/PlasmicIcon__Share.tsx"
        },
        {
          "id": "dmfb3Ga2IoVt",
          "name": "MenuIcon",
          "moduleFilePath": "plasmic/fragment_icons/icons/PlasmicIcon__Menu.tsx"
        },
        {
          "id": "BamIPHX72k5k",
          "name": "RepliesIcon",
          "moduleFilePath": "plasmic/fragment_icons/icons/PlasmicIcon__Replies.tsx"
        },
        {
          "id": "zb1oqVXdrxPK",
          "name": "XIcon",
          "moduleFilePath": "plasmic/fragment_icons/icons/PlasmicIcon__X.tsx"
        },
        {
          "id": "oob3UzcKBsd_",
          "name": "WhatsappIcon",
          "moduleFilePath": "plasmic/fragment_icons/icons/PlasmicIcon__Whatsapp.tsx"
        },
        {
          "id": "qxWwW7vbw7na",
          "name": "EitaaIcon",
          "moduleFilePath": "plasmic/fragment_icons/icons/PlasmicIcon__Eitaa.tsx"
        }
      ],
      "images": [
        {
          "id": "ijbf5URccsnE",
          "name": "Red-Dot",
          "filePath": "../public/plasmic/fragment_icons/images/redDot.svg"
        }
      ],
      "indirect": true,
      "globalContextsFilePath": "",
      "splitsProviderFilePath": "",
      "codeComponents": [
        {
          "id": "kbwf7uMhTcmG",
          "name": "PlasmicHead",
          "displayName": "hostless-plasmic-head",
          "componentImportPath": "@plasmicapp/react-web"
        },
        {
          "id": "8bmEUoRKkAPa",
          "name": "Fetcher",
          "displayName": "plasmic-data-source-fetcher",
          "componentImportPath": "@plasmicapp/react-web/lib/data-sources"
        }
      ],
      "customFunctions": [],
      "jsBundleThemes": []
    },
    {
      "projectId": "sqPBLwEBBKHA2WDuGb17eV",
      "projectApiToken": "iSkfEguGYRieW7aywQdeHJ2kHCgSYAzIucSfo1aoYAmuxbDKSEVLpn0OWlulrvi7DOO5qF0Mrt3ZjgPrFi2RA",
      "projectName": "radix-ui",
      "version": ">0.0.0",
      "cssFilePath": "plasmic/radix_ui/plasmic.module.css",
      "components": [
        {
          "id": "5nirPCGmCnRD",
          "name": "Button",
          "type": "managed",
          "projectId": "sqPBLwEBBKHA2WDuGb17eV",
          "renderModuleFilePath": "plasmic/radix_ui/PlasmicButton.tsx",
          "importSpec": {
            "modulePath": "Button.tsx"
          },
          "cssFilePath": "plasmic/radix_ui/PlasmicButton.module.css",
          "scheme": "blackbox",
          "componentType": "component",
          "plumeType": "button"
        }
      ],
      "icons": [
        {
          "id": "Wyt3GMMsLefj",
          "name": "ChecksvgIcon",
          "moduleFilePath": "plasmic/radix_ui/icons/PlasmicIcon__Checksvg.tsx"
        },
        {
          "id": "MbDRsJU0e3bw",
          "name": "IconIcon",
          "moduleFilePath": "plasmic/radix_ui/icons/PlasmicIcon__Icon.tsx"
        }
      ],
      "images": [],
      "indirect": true,
      "globalContextsFilePath": "",
      "splitsProviderFilePath": "",
      "codeComponents": [
        {
          "id": "-VVCIjLHaMgA",
          "name": "Popover",
          "displayName": "hostless-radix-popover",
          "componentImportPath": "@plasmicpkgs/radix-ui"
        },
        {
          "id": "z4QhkqHluocO",
          "name": "Dialog",
          "displayName": "hostless-radix-dialog",
          "componentImportPath": "@plasmicpkgs/radix-ui"
        },
        {
          "id": "logdOHtqNj-h",
          "name": "DialogClose",
          "displayName": "hostless-radix-dialog-close",
          "componentImportPath": "@plasmicpkgs/radix-ui"
        },
        {
          "id": "7LzIe7AaW4AB",
          "name": "SheetContent",
          "displayName": "hostless-radix-sheet-content",
          "componentImportPath": "@plasmicpkgs/radix-ui"
        },
        {
          "id": "iYIxAkansYwL",
          "name": "DialogContent",
          "displayName": "hostless-radix-dialog-content",
          "componentImportPath": "@plasmicpkgs/radix-ui"
        },
        {
          "id": "iNBmY1xCN2UL",
          "name": "DialogTitle",
          "displayName": "hostless-radix-dialog-title",
          "componentImportPath": "@plasmicpkgs/radix-ui"
        },
        {
          "id": "92yIzUPezjQ1",
          "name": "DialogDescription",
          "displayName": "hostless-radix-dialog-description",
          "componentImportPath": "@plasmicpkgs/radix-ui"
        },
        {
          "id": "wI1aJ4FfrKn1",
          "name": "Tooltip",
          "displayName": "hostless-radix-tooltip",
          "componentImportPath": "@plasmicpkgs/radix-ui"
        }
      ],
      "customFunctions": [],
      "jsBundleThemes": []
    },
    {
      "projectId": "8PtdGodUbexNYgkuyBUcWu",
      "projectApiToken": "34o5R5KswluuZ4sD83F88oQrcLWsNNeUpCptQ8Okf4hYqgjnHnX2idGAlhtB7WWQQelNAInf5XFazR1cGw",
      "projectName": "plasmic-embed-css",
      "version": ">0.0.0",
      "cssFilePath": "plasmic/plasmic_embed_css/plasmic.module.css",
      "components": [],
      "icons": [],
      "images": [],
      "indirect": true,
      "globalContextsFilePath": "plasmic/plasmic_embed_css/PlasmicGlobalContextsProvider.tsx",
      "splitsProviderFilePath": "",
      "codeComponents": [
        {
          "id": "qF0uJxFztB",
          "name": "EmbedCss",
          "displayName": "global-embed-css",
          "componentImportPath": "@plasmicpkgs/plasmic-embed-css"
        }
      ],
      "customFunctions": [],
      "jsBundleThemes": []
    },
    {
      "projectId": "h9Dbk9ygddw7UVEq1NNhKi",
      "projectApiToken": "qxq800gYC67BOqHYnTHxD4C7pBBFZm6VP4XdU8vevI8awru5kfW7ofg2msC86kBNrxxuzWwrQOpU6gvdkEg",
      "projectName": "Fragment/DesignSystem",
      "version": ">0.0.0",
      "cssFilePath": "plasmic/fragment_design_system/plasmic.module.css",
      "components": [
        {
          "id": "3i84rYjQRrs4",
          "name": "Avatar",
          "type": "managed",
          "projectId": "h9Dbk9ygddw7UVEq1NNhKi",
          "renderModuleFilePath": "plasmic/fragment_design_system/PlasmicAvatar.tsx",
          "importSpec": {
            "modulePath": "Avatar.tsx"
          },
          "cssFilePath": "plasmic/fragment_design_system/PlasmicAvatar.module.css",
          "scheme": "blackbox",
          "componentType": "component"
        },
        {
          "id": "1bFBcAoH0lNN",
          "name": "Chip",
          "type": "managed",
          "projectId": "h9Dbk9ygddw7UVEq1NNhKi",
          "renderModuleFilePath": "plasmic/fragment_design_system/PlasmicChip.tsx",
          "importSpec": {
            "modulePath": "Chip.tsx"
          },
          "cssFilePath": "plasmic/fragment_design_system/PlasmicChip.module.css",
          "scheme": "blackbox",
          "componentType": "component"
        },
        {
          "id": "fa_t7ELXcm5k",
          "name": "LineClamp",
          "type": "managed",
          "projectId": "h9Dbk9ygddw7UVEq1NNhKi",
          "renderModuleFilePath": "plasmic/fragment_design_system/PlasmicLineClamp.tsx",
          "importSpec": {
            "modulePath": "LineClamp.tsx"
          },
          "cssFilePath": "plasmic/fragment_design_system/PlasmicLineClamp.module.css",
          "scheme": "blackbox",
          "componentType": "component"
        },
        {
          "id": "CZBpNouNw7Ui",
          "name": "MultilineTextInput",
          "type": "managed",
          "projectId": "h9Dbk9ygddw7UVEq1NNhKi",
          "renderModuleFilePath": "plasmic/fragment_design_system/PlasmicMultilineTextInput.tsx",
          "importSpec": {
            "modulePath": "MultilineTextInput.tsx"
          },
          "cssFilePath": "plasmic/fragment_design_system/PlasmicMultilineTextInput.module.css",
          "scheme": "blackbox",
          "componentType": "component"
        },
        {
          "id": "oVzoHzMf1TLl",
          "name": "Button",
          "type": "managed",
          "projectId": "h9Dbk9ygddw7UVEq1NNhKi",
          "renderModuleFilePath": "plasmic/fragment_design_system/PlasmicButton.tsx",
          "importSpec": {
            "modulePath": "Button.tsx"
          },
          "cssFilePath": "plasmic/fragment_design_system/PlasmicButton.module.css",
          "scheme": "blackbox",
          "componentType": "component",
          "plumeType": "button"
        },
        {
          "id": "FJiI2-N1is_F",
          "name": "Dialog",
          "type": "managed",
          "projectId": "h9Dbk9ygddw7UVEq1NNhKi",
          "renderModuleFilePath": "plasmic/fragment_design_system/PlasmicDialog.tsx",
          "importSpec": {
            "modulePath": "Dialog.tsx"
          },
          "cssFilePath": "plasmic/fragment_design_system/PlasmicDialog.module.css",
          "scheme": "blackbox",
          "componentType": "component"
        }
      ],
      "icons": [
        {
          "id": "eCsLCdWP9DST",
          "name": "Icon17Icon",
          "moduleFilePath": "plasmic/fragment_design_system/icons/PlasmicIcon__Icon17.tsx"
        },
        {
          "id": "xYtO5aWYRBvW",
          "name": "IconIcon",
          "moduleFilePath": "plasmic/fragment_design_system/icons/PlasmicIcon__Icon.tsx"
        },
        {
          "id": "RqwNL88PjcHS",
          "name": "SearchsvgIcon",
          "moduleFilePath": "plasmic/fragment_design_system/icons/PlasmicIcon__Searchsvg.tsx"
        },
        {
          "id": "_Qaeb-4Y8N07",
          "name": "ChecksvgIcon",
          "moduleFilePath": "plasmic/fragment_design_system/icons/PlasmicIcon__Checksvg.tsx"
        }
      ],
      "images": [],
      "indirect": true,
      "globalContextsFilePath": "",
      "splitsProviderFilePath": "",
      "codeComponents": [
        {
          "id": "mzEFNYvCTvAi",
          "name": "PlasmicHead",
          "displayName": "hostless-plasmic-head",
          "componentImportPath": "@plasmicapp/react-web"
        },
        {
          "id": "QpiWJfvbJkdi",
          "name": "Fetcher",
          "displayName": "plasmic-data-source-fetcher",
          "componentImportPath": "@plasmicapp/react-web/lib/data-sources"
        }
      ],
      "customFunctions": [],
      "jsBundleThemes": []
    },
    {
      "projectId": "afXULSfGYmou2jFpEc2QWJ",
      "projectApiToken": "5GRiBnnxDiyyJmIUHuAfqQsux6tVyl82eYIkx0ay3cDtOSjUE5h5NsapEAWnCuGSYOBSt45ITE7TXQ3J0A",
      "projectName": "katibe",
      "version": "latest",
      "cssFilePath": "plasmic/chortke/plasmic.module.css",
      "components": [
        {
          "id": "XSAvgKpp1Uaz",
          "name": "Homepage",
          "type": "managed",
          "projectId": "afXULSfGYmou2jFpEc2QWJ",
          "renderModuleFilePath": "plasmic/chortke/PlasmicHomepage.tsx",
          "importSpec": {
            "modulePath": "../src/pages/index.tsx"
          },
          "cssFilePath": "plasmic/chortke/PlasmicHomepage.module.css",
          "scheme": "blackbox",
          "componentType": "page",
          "path": "/"
        },
        {
          "id": "SePhlRlvEn3n",
          "name": "TextInput",
          "type": "managed",
          "projectId": "afXULSfGYmou2jFpEc2QWJ",
          "renderModuleFilePath": "plasmic/chortke/PlasmicTextInput.tsx",
          "importSpec": {
            "modulePath": "TextInput.tsx"
          },
          "cssFilePath": "plasmic/chortke/PlasmicTextInput.module.css",
          "scheme": "blackbox",
          "componentType": "component",
          "plumeType": "text-input"
        },
        {
          "id": "7wkEfmUYAcMf",
          "name": "Select",
          "type": "managed",
          "projectId": "afXULSfGYmou2jFpEc2QWJ",
          "renderModuleFilePath": "plasmic/chortke/PlasmicSelect.tsx",
          "importSpec": {
            "modulePath": "Select.tsx"
          },
          "cssFilePath": "plasmic/chortke/PlasmicSelect.module.css",
          "scheme": "blackbox",
          "componentType": "component",
          "plumeType": "select"
        },
        {
          "id": "oVhwmqkQ-eSd",
          "name": "Select__Option",
          "type": "managed",
          "projectId": "afXULSfGYmou2jFpEc2QWJ",
          "renderModuleFilePath": "plasmic/chortke/PlasmicSelect__Option.tsx",
          "importSpec": {
            "modulePath": "Select__Option.tsx"
          },
          "cssFilePath": "plasmic/chortke/PlasmicSelect__Option.module.css",
          "scheme": "blackbox",
          "componentType": "component",
          "plumeType": "select-option"
        },
        {
          "id": "nwT0EaGINwPy",
          "name": "Select__OptionGroup",
          "type": "managed",
          "projectId": "afXULSfGYmou2jFpEc2QWJ",
          "renderModuleFilePath": "plasmic/chortke/PlasmicSelect__OptionGroup.tsx",
          "importSpec": {
            "modulePath": "Select__OptionGroup.tsx"
          },
          "cssFilePath": "plasmic/chortke/PlasmicSelect__OptionGroup.module.css",
          "scheme": "blackbox",
          "componentType": "component",
          "plumeType": "select-option-group"
        },
        {
          "id": "Qholsf4rjRaA",
          "name": "Select__Overlay",
          "type": "managed",
          "projectId": "afXULSfGYmou2jFpEc2QWJ",
          "renderModuleFilePath": "plasmic/chortke/PlasmicSelect__Overlay.tsx",
          "importSpec": {
            "modulePath": "Select__Overlay.tsx"
          },
          "cssFilePath": "plasmic/chortke/PlasmicSelect__Overlay.module.css",
          "scheme": "blackbox",
          "componentType": "component",
          "plumeType": "triggered-overlay"
        },
        {
          "id": "aziC0C3kJR0h",
          "name": "Checkbox",
          "type": "managed",
          "projectId": "afXULSfGYmou2jFpEc2QWJ",
          "renderModuleFilePath": "plasmic/chortke/PlasmicCheckbox.tsx",
          "importSpec": {
            "modulePath": "Checkbox.tsx"
          },
          "cssFilePath": "plasmic/chortke/PlasmicCheckbox.module.css",
          "scheme": "blackbox",
          "componentType": "component",
          "plumeType": "checkbox"
        },
        {
          "id": "ZondeLPH5mZC",
          "name": "MenuFeature",
          "type": "managed",
          "projectId": "afXULSfGYmou2jFpEc2QWJ",
          "renderModuleFilePath": "plasmic/chortke/PlasmicMenuFeature.tsx",
          "importSpec": {
            "modulePath": "MenuFeature.tsx"
          },
          "cssFilePath": "plasmic/chortke/PlasmicMenuFeature.module.css",
          "scheme": "blackbox",
          "componentType": "component"
        },
        {
          "id": "FYVyu1h3mPQf",
          "name": "InvoiceDetails",
          "type": "managed",
          "projectId": "afXULSfGYmou2jFpEc2QWJ",
          "renderModuleFilePath": "plasmic/chortke/PlasmicInvoiceDetails.tsx",
          "importSpec": {
            "modulePath": "InvoiceDetails.tsx"
          },
          "cssFilePath": "plasmic/chortke/PlasmicInvoiceDetails.module.css",
          "scheme": "blackbox",
          "componentType": "component"
        },
        {
          "id": "0wu_ZE1f8SuT",
          "name": "Button",
          "type": "managed",
          "projectId": "afXULSfGYmou2jFpEc2QWJ",
          "renderModuleFilePath": "plasmic/chortke/PlasmicButton.tsx",
          "importSpec": {
            "modulePath": "Button.tsx"
          },
          "cssFilePath": "plasmic/chortke/PlasmicButton.module.css",
          "scheme": "blackbox",
          "componentType": "component",
          "plumeType": "button"
        },
        {
          "id": "nYtkLnbqtkXY",
          "name": "Dialog",
          "type": "managed",
          "projectId": "afXULSfGYmou2jFpEc2QWJ",
          "renderModuleFilePath": "plasmic/chortke/PlasmicDialog.tsx",
          "importSpec": {
            "modulePath": "Dialog.tsx"
          },
          "cssFilePath": "plasmic/chortke/PlasmicDialog.module.css",
          "scheme": "blackbox",
          "componentType": "component"
        }
      ],
      "icons": [
        {
          "id": "fjupp6w2fUeo",
          "name": "SearchSvgIcon",
          "moduleFilePath": "plasmic/chortke/icons/PlasmicIcon__SearchSvg.tsx"
        },
        {
          "id": "VZ6Vl-sB0jLM",
          "name": "CheckSvgIcon",
          "moduleFilePath": "plasmic/chortke/icons/PlasmicIcon__CheckSvg.tsx"
        },
        {
          "id": "xEMFaK-yEYgd",
          "name": "ChevronDownSvgIcon",
          "moduleFilePath": "plasmic/chortke/icons/PlasmicIcon__ChevronDownSvg.tsx"
        },
        {
          "id": "WRSXhzCsATtt",
          "name": "ChevronUpSvgIcon",
          "moduleFilePath": "plasmic/chortke/icons/PlasmicIcon__ChevronUpSvg.tsx"
        },
        {
          "id": "vSk8gB06wiRC",
          "name": "IconIcon",
          "moduleFilePath": "plasmic/chortke/icons/PlasmicIcon__Icon.tsx"
        },
        {
          "id": "eeiQdsLura6L",
          "name": "Icon2Icon",
          "moduleFilePath": "plasmic/chortke/icons/PlasmicIcon__Icon2.tsx"
        },
        {
          "id": "am-XC_8Kxn-x",
          "name": "Icon3Icon",
          "moduleFilePath": "plasmic/chortke/icons/PlasmicIcon__Icon3.tsx"
        },
        {
          "id": "O8aQDsr69JmZ",
          "name": "Icon4Icon",
          "moduleFilePath": "plasmic/chortke/icons/PlasmicIcon__Icon4.tsx"
        },
        {
          "id": "d5yeENyuZEF8",
          "name": "Icon5Icon",
          "moduleFilePath": "plasmic/chortke/icons/PlasmicIcon__Icon5.tsx"
        },
        {
          "id": "7-KwYGGksEHB",
          "name": "Icon6Icon",
          "moduleFilePath": "plasmic/chortke/icons/PlasmicIcon__Icon6.tsx"
        },
        {
          "id": "-aAWDY9EELMA",
          "name": "Icon7Icon",
          "moduleFilePath": "plasmic/chortke/icons/PlasmicIcon__Icon7.tsx"
        },
        {
          "id": "DrwBCnVNGOUr",
          "name": "Icon8Icon",
          "moduleFilePath": "plasmic/chortke/icons/PlasmicIcon__Icon8.tsx"
        },
        {
          "id": "Y_qC7oCCXC6M",
          "name": "Icon9Icon",
          "moduleFilePath": "plasmic/chortke/icons/PlasmicIcon__Icon9.tsx"
        },
        {
          "id": "Qb_lZSOBxQ0B",
          "name": "Icon10Icon",
          "moduleFilePath": "plasmic/chortke/icons/PlasmicIcon__Icon10.tsx"
        },
        {
          "id": "sdf49AtFp7I6",
          "name": "Icon11Icon",
          "moduleFilePath": "plasmic/chortke/icons/PlasmicIcon__Icon11.tsx"
        },
        {
          "id": "89UX2c4RUbMn",
          "name": "SquareSvgIcon",
          "moduleFilePath": "plasmic/chortke/icons/PlasmicIcon__SquareSvg.tsx"
        },
        {
          "id": "fHnEYndpDVQM",
          "name": "SquareCheckFilledSvgIcon",
          "moduleFilePath": "plasmic/chortke/icons/PlasmicIcon__SquareCheckFilledSvg.tsx"
        },
        {
          "id": "cjtWk_p-hopr",
          "name": "SquareMinusSvgIcon",
          "moduleFilePath": "plasmic/chortke/icons/PlasmicIcon__SquareMinusSvg.tsx"
        },
        {
          "id": "ecBaHl9ZBa7P",
          "name": "Icon12Icon",
          "moduleFilePath": "plasmic/chortke/icons/PlasmicIcon__Icon12.tsx"
        },
        {
          "id": "eiKe8zEuMZpA",
          "name": "Icon13Icon",
          "moduleFilePath": "plasmic/chortke/icons/PlasmicIcon__Icon13.tsx"
        },
        {
          "id": "mHP_U4hM0IP3",
          "name": "Icon14Icon",
          "moduleFilePath": "plasmic/chortke/icons/PlasmicIcon__Icon14.tsx"
        },
        {
          "id": "qcX1x0KU2hzJ",
          "name": "Icon15Icon",
          "moduleFilePath": "plasmic/chortke/icons/PlasmicIcon__Icon15.tsx"
        },
        {
          "id": "RL4rpljbJj9e",
          "name": "Icon16Icon",
          "moduleFilePath": "plasmic/chortke/icons/PlasmicIcon__Icon16.tsx"
        },
        {
          "id": "KU99EqSwBdmA",
          "name": "Icon17Icon",
          "moduleFilePath": "plasmic/chortke/icons/PlasmicIcon__Icon17.tsx"
        },
        {
          "id": "0G57m0_jjOWM",
          "name": "Icon18Icon",
          "moduleFilePath": "plasmic/chortke/icons/PlasmicIcon__Icon18.tsx"
        },
        {
          "id": "HJ2LX2Z4Nt5V",
          "name": "Icon19Icon",
          "moduleFilePath": "plasmic/chortke/icons/PlasmicIcon__Icon19.tsx"
        },
        {
          "id": "hs1r53dOSjtc",
          "name": "Icon20Icon",
          "moduleFilePath": "plasmic/chortke/icons/PlasmicIcon__Icon20.tsx"
        },
        {
          "id": "5cMRv2c3LIXT",
          "name": "Icon21Icon",
          "moduleFilePath": "plasmic/chortke/icons/PlasmicIcon__Icon21.tsx"
        }
      ],
      "images": [
        {
          "id": "5TxUmL1aXmrv",
          "name": "image",
          "filePath": "../public/plasmic/chortke/images/image.svg"
        },
        {
          "id": "_aRe5KDHbJ0s",
          "name": "logo.5e03fe79.svg",
          "filePath": "../public/plasmic/chortke/images/logo5E03Fe79Svg.svg"
        }
      ],
      "indirect": false,
      "globalContextsFilePath": "plasmic/chortke/PlasmicGlobalContextsProvider.tsx",
      "splitsProviderFilePath": "",
      "codeComponents": [
        {
          "id": "pwbXdP3Z14Wn",
          "name": "PlasmicHead",
          "displayName": "hostless-plasmic-head",
          "componentImportPath": "@plasmicapp/react-web"
        },
        {
          "id": "ZexjEQ9J6P2t",
          "name": "Fetcher",
          "displayName": "plasmic-data-source-fetcher",
          "componentImportPath": "@plasmicapp/react-web/lib/data-sources"
        },
        {
          "id": "BigXM4fJwC8U",
          "name": "DatePicker",
          "displayName": "DatePicker",
          "componentImportPath": "@/fragment/components/date-picker"
        },
        {
          "id": "zhEhnDM0VwJv",
          "name": "TimePicker",
          "displayName": "TimePicker",
          "componentImportPath": "@/fragment/components/time-picker"
        },
        {
          "id": "FqxBT23l5m0H",
          "name": "Popover",
          "displayName": "Popover",
          "componentImportPath": "@/fragment/components/popover"
        },
        {
          "id": "0o7acyurdZUq",
          "name": "Fragment",
          "displayName": "Fragment",
          "componentImportPath": "@/fragment/fragment"
        },
        {
          "id": "-3uKKVaeE2qv",
          "name": "GrowthBook",
          "displayName": "GrowthBook",
          "componentImportPath": "@/fragment/growthbook"
        },
        {
          "id": "SVijqkya8cja",
          "name": "Splunk",
          "displayName": "Splunk",
          "componentImportPath": "@/fragment/splunk"
        },
        {
          "id": "RAllScqt9s8a",
          "name": "Select",
          "displayName": "Select",
          "componentImportPath": "@/fragment/components/select"
        },
        {
          "id": "DuFpRlZXeP93",
          "name": "Input",
          "displayName": "Input",
          "componentImportPath": "@/fragment/components/input"
        },
        {
          "id": "C0uJDQRk86fr",
          "name": "Switch",
          "displayName": "Switch",
          "componentImportPath": "@/fragment/components/switch"
        },
        {
          "id": "6JL4FF6CJ1K0",
          "name": "Slider",
          "displayName": "Slider",
          "componentImportPath": "@/fragment/components/slider"
        },
        {
          "id": "hVBOtSJvmbc4",
          "name": "ApiRequest",
          "displayName": "ApiRequest",
          "componentImportPath": "@/fragment/components/api-request"
        },
        {
          "id": "-wp9y67o_-GK",
          "name": "Chart",
          "displayName": "Chart",
          "componentImportPath": "@/fragment/components/chart"
        },
        {
          "id": "hSq6gN8lmxlL",
          "name": "Hamdast",
          "displayName": "Hamdast",
          "componentImportPath": "@/hamdast/hamdast"
        }
      ],
      "customFunctions": []
    },
    {
      "projectId": "jkU633o1Cz7HrJdwdxhVHk",
      "projectApiToken": "RNOKYUdvtFBrgxbf09RPjYgL9LzpnT4pIsOrtpsqlLDYBRxYynkAo8OY9YRWPdoaSnRAwOO2e5PWfuVNypw",
      "projectName": "plasmic-rich-components",
      "version": ">0.0.0",
      "cssFilePath": "plasmic/plasmic_rich_components/plasmic.module.css",
      "components": [],
      "icons": [],
      "images": [],
      "indirect": true,
      "globalContextsFilePath": "",
      "splitsProviderFilePath": "",
      "codeComponents": [
        {
          "id": "FNIk-CnxQYXU",
          "name": "RichLayout",
          "displayName": "hostless-rich-layout",
          "componentImportPath": "@plasmicpkgs/plasmic-rich-components/skinny/rich-layout"
        },
        {
          "id": "k4RvFQUTZKCU",
          "name": "RichTable",
          "displayName": "hostless-rich-table",
          "componentImportPath": "@plasmicpkgs/plasmic-rich-components/skinny/rich-table",
          "helper": {
            "name": "tableHelpers",
            "importPath": "@plasmicpkgs/plasmic-rich-components/skinny/rich-table"
          }
        },
        {
          "id": "zV8WqibK3ZnC",
          "name": "RichDetails",
          "displayName": "hostless-rich-details",
          "componentImportPath": "@plasmicpkgs/plasmic-rich-components/skinny/rich-details"
        },
        {
          "id": "Hh2OL1EveIF",
          "name": "RichList",
          "displayName": "hostless-rich-list",
          "componentImportPath": "@plasmicpkgs/plasmic-rich-components/skinny/rich-list"
        },
        {
          "id": "UzObi2yVH_DH",
          "name": "RichCalendar",
          "displayName": "hostless-rich-calendar",
          "componentImportPath": "@plasmicpkgs/plasmic-rich-components/skinny/rich-calendar",
          "helper": {
            "name": "calendarHelpers",
            "importPath": "@plasmicpkgs/plasmic-rich-components/skinny/rich-calendar"
          }
        }
      ],
      "customFunctions": [],
      "jsBundleThemes": []
    },
    {
      "projectId": "ohDidvG9XsCeFumugENU3J",
      "projectApiToken": "YE6pw0s6HZvyAZENjWdhh22CZUvZbVXVeOr7IxU58m9rwk2ITG1RfJGcJjzF2uEC7DCqa4PDzPP1UXxfKuuQ",
      "projectName": "antd5 hostless",
      "version": ">0.0.0",
      "cssFilePath": "plasmic/antd_5_hostless/plasmic.module.css",
      "components": [],
      "icons": [],
      "images": [],
      "indirect": true,
      "globalContextsFilePath": "plasmic/antd_5_hostless/PlasmicGlobalContextsProvider.tsx",
      "splitsProviderFilePath": "",
      "codeComponents": [
        {
          "id": "OvH7ENd3m7ug",
          "name": "AntdSelect",
          "displayName": "plasmic-antd5-select",
          "componentImportPath": "@plasmicpkgs/antd5/skinny/registerSelect"
        },
        {
          "id": "ACzfHW-ZLLiW",
          "name": "AntdOption",
          "displayName": "plasmic-antd5-option",
          "componentImportPath": "@plasmicpkgs/antd5/skinny/registerSelect"
        },
        {
          "id": "UyLCOYx2BYc4",
          "name": "AntdTable",
          "displayName": "plasmic-antd5-table",
          "componentImportPath": "@plasmicpkgs/antd5/skinny/registerTable"
        },
        {
          "id": "OFZLDfR2iHmj",
          "name": "AntdColumn",
          "displayName": "plasmic-antd5-table-column",
          "componentImportPath": "@plasmicpkgs/antd5/skinny/registerTable"
        },
        {
          "id": "-EU4JlrV3jtw",
          "name": "AntdColumnGroup",
          "displayName": "plasmic-antd5-table-column-group",
          "componentImportPath": "@plasmicpkgs/antd5/skinny/registerTable"
        },
        {
          "id": "DmrLLHGTjGTE",
          "name": "AntdConfigProvider",
          "displayName": "plasmic-antd5-config-provider",
          "componentImportPath": "@plasmicpkgs/antd5/skinny/registerConfigProvider"
        },
        {
          "id": "aFHKFWNvs7",
          "name": "AntdCheckbox",
          "displayName": "plasmic-antd5-checkbox",
          "componentImportPath": "@plasmicpkgs/antd5/skinny/registerCheckbox"
        },
        {
          "id": "2bM6vBkaxc",
          "name": "AntdCheckboxGroup",
          "displayName": "plasmic-antd5-checkbox-group",
          "componentImportPath": "@plasmicpkgs/antd5/skinny/registerCheckbox"
        },
        {
          "id": "-CXVV9tXtP",
          "name": "AntdRadio",
          "displayName": "plasmic-antd5-radio",
          "componentImportPath": "@plasmicpkgs/antd5/skinny/registerRadio"
        },
        {
          "id": "C3Ce7Sqgay",
          "name": "AntdRadioButton",
          "displayName": "plasmic-antd5-radio-button",
          "componentImportPath": "@plasmicpkgs/antd5/skinny/registerRadio"
        },
        {
          "id": "PZQhrvIGy1",
          "name": "AntdRadioGroup",
          "displayName": "plasmic-antd5-radio-group",
          "componentImportPath": "@plasmicpkgs/antd5/skinny/registerRadio"
        },
        {
          "id": "xx93QbkHH5i",
          "name": "AntdModal",
          "displayName": "plasmic-antd5-modal",
          "componentImportPath": "@plasmicpkgs/antd5/skinny/registerModal"
        },
        {
          "id": "bx9Xzvf5_eu",
          "name": "AntdButton",
          "displayName": "plasmic-antd5-button",
          "componentImportPath": "@plasmicpkgs/antd5/skinny/registerButton"
        },
        {
          "id": "fo-n3xHvdqt",
          "name": "AntdMenu",
          "displayName": "plasmic-antd5-menu",
          "componentImportPath": "@plasmicpkgs/antd5/skinny/registerMenu"
        },
        {
          "id": "QSmezaW-Gyu",
          "name": "AntdMenuItem",
          "displayName": "plasmic-antd5-menu-item",
          "componentImportPath": "@plasmicpkgs/antd5/skinny/registerMenu"
        },
        {
          "id": "6ySly9jzXsR",
          "name": "AntdMenuItemGroup",
          "displayName": "plasmic-antd5-menu-item-group",
          "componentImportPath": "@plasmicpkgs/antd5/skinny/registerMenu"
        },
        {
          "id": "pwJcAbVYC4M",
          "name": "AntdMenuDivider",
          "displayName": "plasmic-antd5-menu-divider",
          "componentImportPath": "@plasmicpkgs/antd5/skinny/registerMenu"
        },
        {
          "id": "nL-8oPEfDNL",
          "name": "AntdSubMenu",
          "displayName": "plasmic-antd5-submenu",
          "componentImportPath": "@plasmicpkgs/antd5/skinny/registerMenu"
        },
        {
          "id": "zIDEYq9RgLG",
          "name": "AntdDropdown",
          "displayName": "plasmic-antd5-dropdown",
          "componentImportPath": "@plasmicpkgs/antd5/skinny/registerDropdown"
        },
        {
          "id": "5sJiSDZuAW",
          "name": "AntdOptionGroup",
          "displayName": "plasmic-antd5-option-group",
          "componentImportPath": "@plasmicpkgs/antd5/skinny/registerSelect"
        },
        {
          "id": "TgJFzUZpvQ",
          "name": "FormWrapper",
          "displayName": "plasmic-antd5-form",
          "componentImportPath": "@plasmicpkgs/antd5/skinny/SchemaForm",
          "helper": {
            "name": "formHelpers",
            "importPath": "@plasmicpkgs/antd5/skinny/Form"
          }
        },
        {
          "id": "EYHwZh9ILg",
          "name": "FormItemWrapper",
          "displayName": "plasmic-antd5-form-item",
          "componentImportPath": "@plasmicpkgs/antd5/skinny/FormItem"
        },
        {
          "id": "zEXrWX9naj",
          "name": "FormGroup",
          "displayName": "plasmic-antd5-form-group",
          "componentImportPath": "@plasmicpkgs/antd5/skinny/FormGroup"
        },
        {
          "id": "M2mN_XzxO4",
          "name": "FormListWrapper",
          "displayName": "plasmic-antd5-form-list",
          "componentImportPath": "@plasmicpkgs/antd5/skinny/FormList"
        },
        {
          "id": "Vf5hntD2SZ5",
          "name": "AntdInput",
          "displayName": "plasmic-antd5-input",
          "componentImportPath": "@plasmicpkgs/antd5/skinny/registerInput",
          "helper": {
            "name": "inputHelpers",
            "importPath": "@plasmicpkgs/antd5/skinny/registerInput"
          }
        },
        {
          "id": "RW4q13RFtAd",
          "name": "AntdPassword",
          "displayName": "plasmic-antd5-input-password",
          "componentImportPath": "@plasmicpkgs/antd5/skinny/registerInput",
          "helper": {
            "name": "inputHelpers",
            "importPath": "@plasmicpkgs/antd5/skinny/registerInput"
          }
        },
        {
          "id": "pTzGlMptTxd",
          "name": "AntdTextArea",
          "displayName": "plasmic-antd5-textarea",
          "componentImportPath": "@plasmicpkgs/antd5/skinny/registerInput",
          "helper": {
            "name": "inputHelpers",
            "importPath": "@plasmicpkgs/antd5/skinny/registerInput"
          }
        },
        {
          "id": "wxD5qjEe3pU",
          "name": "AntdInputNumber",
          "displayName": "plasmic-antd5-input-number",
          "componentImportPath": "@plasmicpkgs/antd5/skinny/registerInput"
        },
        {
          "id": "Zzbfw0tfhA",
          "name": "UploadWrapper",
          "displayName": "plasmic-antd5-upload",
          "componentImportPath": "@plasmicpkgs/antd5/skinny/registerUpload"
        },
        {
          "id": "-gkBqPikhk",
          "name": "AntdSwitch",
          "displayName": "plasmic-antd5-switch",
          "componentImportPath": "@plasmicpkgs/antd5/skinny/registerSwitch"
        },
        {
          "id": "lKdkQL67fv",
          "name": "AntdDatePicker",
          "displayName": "plasmic-antd5-date-picker",
          "componentImportPath": "@plasmicpkgs/antd5/skinny/registerDatePicker",
          "helper": {
            "name": "datePickerHelpers",
            "importPath": "@plasmicpkgs/antd5/skinny/registerDatePicker"
          }
        },
        {
          "id": "YcIbmJhMwB",
          "name": "AntdColorPicker",
          "displayName": "plasmic-antd5-color-picker",
          "componentImportPath": "@plasmicpkgs/antd5/skinny/registerColorPicker"
        },
        {
          "id": "Nb0bEUV6vm",
          "name": "AntdDrawer",
          "displayName": "plasmic-antd5-drawer",
          "componentImportPath": "@plasmicpkgs/antd5/skinny/registerDrawer"
        },
        {
          "id": "uIwOvA8Rbo",
          "name": "AntdSteps",
          "displayName": "plasmic-antd5-steps",
          "componentImportPath": "@plasmicpkgs/antd5/skinny/registerSteps"
        },
        {
          "id": "rdsGm3tzUj",
          "name": "AntdTooltip",
          "displayName": "plasmic-antd5-tooltip",
          "componentImportPath": "@plasmicpkgs/antd5/skinny/registerTooltip"
        },
        {
          "id": "nqcsn8n56U",
          "name": "AntdAvatar",
          "displayName": "plasmic-antd5-avatar",
          "componentImportPath": "@plasmicpkgs/antd5/skinny/registerAvatar"
        },
        {
          "id": "GuSPoNm_cBy",
          "name": "AntdAvatarGroup",
          "displayName": "plasmic-antd5-avatar-group",
          "componentImportPath": "@plasmicpkgs/antd5/skinny/registerAvatar"
        },
        {
          "id": "GDiBhO1FaQ",
          "name": "AntdTree",
          "displayName": "plasmic-antd5-tree",
          "componentImportPath": "@plasmicpkgs/antd5/skinny/registerTree",
          "helper": {
            "name": "treeHelpers",
            "importPath": "@plasmicpkgs/antd5/skinny/registerTree"
          }
        },
        {
          "id": "2Gn9Np0fVX",
          "name": "AntdDirectoryTree",
          "displayName": "plasmic-antd5-directory-tree",
          "componentImportPath": "@plasmicpkgs/antd5/skinny/registerTree",
          "helper": {
            "name": "treeHelpers",
            "importPath": "@plasmicpkgs/antd5/skinny/registerTree"
          }
        },
        {
          "id": "oPUhN99n4VXI",
          "name": "AntdAccordion",
          "displayName": "plasmic-antd5-collapse",
          "componentImportPath": "@plasmicpkgs/antd5/skinny/registerCollapse",
          "helper": {
            "name": "accordionHelpers",
            "importPath": "@plasmicpkgs/antd5/skinny/registerCollapse"
          }
        },
        {
          "id": "4mmDdnlyWx2k",
          "name": "AntdAccordionItem",
          "displayName": "plasmic-antd5-collapse-item",
          "componentImportPath": "@plasmicpkgs/antd5/skinny/registerCollapse"
        },
        {
          "id": "4y7SmGJoYukv",
          "name": "AntdSingleCollapse",
          "displayName": "plasmic-antd5-single-collapse",
          "componentImportPath": "@plasmicpkgs/antd5/skinny/registerCollapse",
          "helper": {
            "name": "singleCollapseHelpers",
            "importPath": "@plasmicpkgs/antd5/skinny/registerCollapse"
          }
        },
        {
          "id": "hkJfqlGnpchf",
          "name": "AntdPopover",
          "displayName": "plasmic-antd5-popover",
          "componentImportPath": "@plasmicpkgs/antd5/skinny/registerPopover"
        },
        {
          "id": "HV5Zx3YTIxFT",
          "name": "AntdTabs",
          "displayName": "plasmic-antd5-tabs",
          "componentImportPath": "@plasmicpkgs/antd5/skinny/registerTabs"
        },
        {
          "id": "OSD--ykMTE95",
          "name": "AntdTabItem",
          "displayName": "plasmic-antd5-tab-item",
          "componentImportPath": "@plasmicpkgs/antd5/skinny/registerTabs"
        },
        {
          "id": "S802VXcWSh0n",
          "name": "AntdRate",
          "displayName": "plasmic-antd5-rate",
          "componentImportPath": "@plasmicpkgs/antd5/skinny/registerRate"
        },
        {
          "id": "9HjEuAZYoz5P",
          "name": "AntdDateRangePicker",
          "displayName": "plasmic-antd5-date-range-picker",
          "componentImportPath": "@plasmicpkgs/antd5/skinny/registerDateRangePicker",
          "helper": {
            "name": "dateRangePickerHelpers",
            "importPath": "@plasmicpkgs/antd5/skinny/registerDateRangePicker"
          }
        },
        {
          "id": "SeYQPnK2Etda",
          "name": "AntdSingleSlider",
          "displayName": "plasmic-antd5-slider",
          "componentImportPath": "@plasmicpkgs/antd5/skinny/registerSlider"
        },
        {
          "id": "VvEzRJYSMImn",
          "name": "AntdRangeSlider",
          "displayName": "plasmic-antd5-range-slider",
          "componentImportPath": "@plasmicpkgs/antd5/skinny/registerSlider",
          "helper": {
            "name": "rangeSliderHelpers",
            "importPath": "@plasmicpkgs/antd5/skinny/registerSlider"
          }
        },
        {
          "id": "qUBr2ytCk1sn",
          "name": "AntdSliderMark",
          "displayName": "plasmic-antd5-slider-mark",
          "componentImportPath": "@plasmicpkgs/antd5/skinny/registerSlider"
        },
        {
          "id": "2lfDhkB3l-hf",
          "name": "AntdSegmentedOption",
          "displayName": "plasmic-antd5-segmented-option",
          "componentImportPath": "@plasmicpkgs/antd5/skinny/registerSegmented"
        },
        {
          "id": "hF7P_XBmSmah",
          "name": "AntdSegmented",
          "displayName": "plasmic-antd5-segmented",
          "componentImportPath": "@plasmicpkgs/antd5/skinny/registerSegmented"
        },
        {
          "id": "YczuxmmTqf82",
          "name": "AntdProgress",
          "displayName": "plasmic-antd5-progress",
          "componentImportPath": "@plasmicpkgs/antd5/skinny/registerProgress"
        },
        {
          "id": "zxit27ZPux0z",
          "name": "AntdPagination",
          "displayName": "plasmic-antd5-pagination",
          "componentImportPath": "@plasmicpkgs/antd5/skinny/registerPagination",
          "helper": {
            "name": "paginationHelpers",
            "importPath": "@plasmicpkgs/antd5/skinny/registerPagination"
          }
        },
        {
          "id": "Zjjf7sP4JdQI",
          "name": "AntdBreadcrumb",
          "displayName": "plasmic-antd5-breadcrumb",
          "componentImportPath": "@plasmicpkgs/antd5/skinny/registerBreadcrumb"
        },
        {
          "id": "2ZOevuBPH-SX",
          "name": "AntdBreadcrumbItem",
          "displayName": "plasmic-antd5-breadcrumb-item",
          "componentImportPath": "@plasmicpkgs/antd5/skinny/registerBreadcrumb"
        }
      ],
      "customFunctions": [],
      "jsBundleThemes": []
    },
    {
      "projectId": "YUiM7yqBWAqsh8KSnrdj7",
      "projectApiToken": "yLKpJOE8mD6HqoNCSWF3Em8ut0LBzL7qb3QPqNeOLPjQsSBSc12yhYovnSRSekzgt1xjjbugBGDjOMLGMK4w",
      "projectName": "plasmic-query",
      "version": ">0.0.0",
      "cssFilePath": "plasmic/plasmic_query/plasmic.module.css",
      "components": [],
      "icons": [],
      "images": [],
      "indirect": true,
      "globalContextsFilePath": "",
      "splitsProviderFilePath": "",
      "codeComponents": [
        {
          "id": "ae7V86eNoXA",
          "name": "DataFetcher",
          "displayName": "hostless-plasmic-query-data-fetcher",
          "componentImportPath": "@plasmicpkgs/plasmic-query"
        },
        {
          "id": "0DrxdjD45dkx",
          "name": "GraphqlFetcher",
          "displayName": "hostless-plasmic-query-graphql-fetcher",
          "componentImportPath": "@plasmicpkgs/plasmic-query"
        }
      ],
      "customFunctions": [],
      "jsBundleThemes": []
    }
  ],
  "globalVariants": {
    "variantGroups": [
      {
        "id": "BR2UhI7ulpvR",
        "name": "Screen",
        "projectId": "oBJtsp5RgVpcN6KCrDTuQT",
        "contextFilePath": "plasmic/fragment_icons/PlasmicGlobalVariant__Screen.tsx"
      },
      {
        "id": "QmLtHiTXdNxv",
        "name": "Screen",
        "projectId": "h9Dbk9ygddw7UVEq1NNhKi",
        "contextFilePath": "plasmic/fragment_design_system/PlasmicGlobalVariant__Screen.tsx"
      },
      {
        "id": "7BS7RtJcMv9t",
        "name": "Screen",
        "projectId": "afXULSfGYmou2jFpEc2QWJ",
        "contextFilePath": "plasmic/chortke/PlasmicGlobalVariant__Screen.tsx"
      }
    ]
  },
  "wrapPagesWithGlobalContexts": true,
  "nextjsConfig": {
    "pagesDir": "../src/pages"
  },
  "cliVersion": "0.1.331",
  "$schema": "https://unpkg.com/@plasmicapp/cli@0.1.331/dist/plasmic.schema.json"
}
